Workbook
Name A: #REF!
Name A: #REF!
Name A: #REF!
Name AA: #REF!
Name AA: #REF!
Name AA: #REF!
Name aaa: '[1]Sum Slots'!#REF!
Name aaa: '[1]Sum Slots'!#REF!
Name aaa: '[1]Sum Slots'!#REF!
Name AB: #REF!
Name AB: #REF!
Name AB: #REF!
Name ALL: #REF!
Name ALL: #REF!
Name ALL: #REF!
Name Allocations: #REF!
Name Allocations: #REF!
Name Allocations: #REF!
Name AvgLegSpeed: #REF!
Name AvgLegSpeed: #REF!
Name AvgLegSpeed: #REF!
Name BottomCell: '[2]WBANZ '!$V$65535
Name BSA: #REF!
Name BSA: #REF!
Name BSA: #REF!
Name bunkers: #REF!
Name bunkers: #REF!
Name bunkers: #REF!
Name Capacities: #REF!
Name Capacities: #REF!
Name Capacities: #REF!
Name Capex: '[3]Slot Cost Comparison'!#REF!
Name Capex: '[3]Slot Cost Comparison'!#REF!
Name Capex: '[3]Slot Cost Comparison'!#REF!
Name Cntrs: #REF!
Name Cntrs: #REF!
Name Cntrs: #REF!
Name CopyToBlock: TopCell:BottomCell
Name CopyToBlock: TopCell:BottomCell
Name CopyToBlock: TopCell:BottomCell
Name cost: [4]Cost!$F$6:$G$41
Name dados_export: '[5]Login RE'!#REF!
Name date: #REF!
Name date: #REF!
Name date: #REF!
Name Days: #REF!
Name Days: #REF!
Name Days: #REF!
Name debotah: TopCell:BottomCell
Name debotah: TopCell:BottomCell
Name debotah: TopCell:BottomCell
Name DRFLMCS: '[6]Vessel Particulars'!$K$46
Name DWTLMCS: '[6]Vessel Particulars'!$K$41
Name DWTMED: [7]DATA!#REF!
Name EASTABOUT: #REF!
Name EASTABOUT: #REF!
Name EASTABOUT: #REF!
Name EBDirection: #REF!
Name EBDirection: #REF!
Name EBDirection: #REF!

Sheet ABAC 2022
B3: Mercado | C3: 2011 | D3: 2012 | E3: 2013 | F3: 2014 | G3: 2015 | H3: 2016 | I3: 2017 | J3: 2018 | K3: 2019 | L3: 2020 | M3: 2021 | N3: 2022
B4: Cabotagem | C4: 285.4 | D4: 282.7 | E4: 402.3 | F4: 442.6 | G4: 448 | H4: 448.2 | I4: 507.1 | J4: 591.9 | K4: 667.8 | L4: 659.6 | M4: 695 | N4: 698.7
B5: Feeder | C5: 138.4 | D5: 262.9 | E5: 293.6 | F5: 327.7 | G5: 416.9 | H5: 417.2 | I5: 454.3 | J5: 482.8 | K5: 452 | L5: 413.3 | M5: 527.2 | N5: 552.6
B6: Total | C6: =SUM(C4:C5) -> 423.8 | D6: =SUM(D4:D5) -> 545.6 | E6: =SUM(E4:E5) -> 695.9 | F6: =SUM(F4:F5) -> 770.3 | G6: =SUM(G4:G5) -> 864.9 | H6: =SUM(H4:H5) -> 865.4 | I6: =SUM(I4:I5) -> 961.4 | J6: =SUM(J4:J5) -> 1074.7 | ... N6: =SUM(N4:N5) -> 1251.3
B8: % Variação Anual | C8: 2012 | D8: 2013 | E8: 2014 | F8: 2015 | G8: 2016 | H8: 2017 | I8: 2018 | J8: 2019 | K8: 2020 | L8: 2021 | M8: 2022
B9: % Cabotagem | C9: =D4/C4-1 -> -0.0094604064 | D9: =E4/D4-1 -> 0.42306332 | E9: =F4/E4-1 -> 0.100174 | F9: =G4/F4-1 -> 0.012200633 | G9: =H4/G4-1 -> 0.00044642857 | H9: =I4/H4-1 -> 0.13141455 | I9: =J4/I4-1 -> 0.1672254 | J9: =K4/J4-1 -> 0.12823112 | ... M9: =N4/M4-1 -> 0.005323741
B10: % Feeder | C10: =D5/C5-1 -> 0.89956647 | D10: =E5/D5-1 -> 0.11677444 | E10: =F5/E5-1 -> 0.11614441 | F10: =G5/F5-1 -> 0.27220018 | G10: =H5/G5-1 -> 0.00071959703 | H10: =I5/H5-1 -> 0.088926174 | I10: =J5/I5-1 -> 0.062733876 | J10: =K5/J5-1 -> -0.063794532 | ... M10: =N5/M5-1 -> 0.048179059
B11: % Total | C11: =D6/C6-1 -> 0.28739972 | D11: =E6/D6-1 -> 0.27547654 | E11: =F6/E6-1 -> 0.10691191 | F11: =G6/F6-1 -> 0.1228093 | G11: =H6/G6-1 -> 0.00057810151 | H11: =I6/H6-1 -> 0.11093136 | I11: =J6/I6-1 -> 0.11784897 | J11: =K6/J6-1 -> 0.0419652 | ... M11: =N6/M6-1 -> 0.023809524
B12: % PIB | C12: 0.019 | D12: 0.03 | E12: 0.005 | F12: -0.035 | G12: -0.033 | H12: 0.013 | I12: 0.018 | J12: 0.012 | K12: -0.039 | L12: 0.046 | M12: 0.031
B14: % Ano a Ano | C14: 2011 | D14: 2012 | E14: 2013 | F14: 2014 | G14: 2015 | H14: 2016 | I14: 2017 | J14: 2018 | K14: 2019 | L14: 2020 | M14: 2021 | N14: 2022
B15: % Cabotagem | C15: =C4/$C$4-1 -> 0 | D15: =D4/$C$4-1 -> -0.0094604064 | E15: =E4/$C$4-1 -> 0.40960056 | F15: =F4/$C$4-1 -> 0.55080589 | G15: =G4/$C$4-1 -> 0.5697267 | H15: =H4/$C$4-1 -> 0.57042747 | I15: =I4/$C$4-1 -> 0.77680448 | J15: =J4/$C$4-1 -> 1.0739313 | ... N15: =N4/$C$4-1 -> 1.448143
B16: % Feeder | C16: =C5/$C$5-1 -> 0 | D16: =D5/$C$5-1 -> 0.89956647 | E16: =E5/$C$5-1 -> 1.1213873 | F16: =F5/$C$5-1 -> 1.3677746 | G16: =G5/$C$5-1 -> 2.0122832 | H16: =H5/$C$5-1 -> 2.0144509 | I16: =I5/$C$5-1 -> 2.2825145 | J16: =J5/$C$5-1 -> 2.4884393 | ... N16: =N5/$C$5-1 -> 2.9927746
B17: % Total | C17: =C6/$C$6-1 -> 0 | D17: =D6/$C$6-1 -> 0.28739972 | E17: =E6/$C$6-1 -> 0.64204814 | F17: =F6/$C$6-1 -> 0.81760264 | G17: =G6/$C$6-1 -> 1.0408211 | H17: =H6/$C$6-1 -> 1.0420009 | I17: =I6/$C$6-1 -> 1.2685229 | J17: =J6/$C$6-1 -> 1.535866 | ... N17: =N6/$C$6-1 -> 1.952572

Sheet Movimentacao de Conteineres
A1: cpType | B1: (All)
A2: cpContainerType | B2: 22G1 | J2: 22G1 | K2: BRMAO | L2: BRPEC | M2: BRSUA | N2: BRSSA | O2: BRIGI | P2: BRSSZ | Q2: Total Origem | S2: Port | T2: Loading FULL | U2: Discharge FULL | V2: Loading EMPTIES | W2: Discharge EMPTIES | X2: Total Moves
A3: cpService | B3: KAB01 | J3: BRMAO | K3: =B7 -> 0 | L3: =C7 -> 63 | M3: =D7 -> 2 | N3: =E7 -> 0 | O3: =F7 -> 25 | P3: =G7 -> 95 | Q3: =SUM(K3:P3) -> 185 | S3: BRSSZ | T3: =Q35 -> 824 | U3: =P36 -> 842 | V3: =ABS(T21) -> 59 | W3: =ABS(U21)+ABS(V21) -> 41 | X3: =SUM(T3:W3) -> 1766 | AB3: =Q30*4 -> 4820
J4: BRPEC | K4: =B8 -> 28 | L4: =C8 -> 0 | M4: =D8 -> 0 | N4: =E8 -> 0 | O4: =F8 -> 20 | P4: =G8 -> 96 | Q4: =SUM(K4:P4) -> 144 | S4: BRIGI | T4: =Q34 -> 347 | U4: =O36 -> 276 | V4: =V20 -> 0 | W4: =ABS(T20)+ABS(U20) -> 71 | X4: =SUM(T4:W4) -> 694 | AB4: =Q31*4 -> 1664
A5: Sum of maxWeek | B5: Column Labels | J5: BRSUA | K5: =B9 -> 108 | L5: =C9 -> 0 | M5: =D9 -> 0 | N5: =E9 -> 0 | O5: =F9 -> 26 | P5: =G9 -> 50 | Q5: =SUM(K5:P5) -> 184 | S5: BRSSA | T5: =Q33 -> 96 | U5: =N36 -> 149 | V5: =W19 -> 53 | W5: =0 -> 0 | X5: =SUM(T5:W5) -> 298 | AB5: =Q32*4 -> 1676
A6: Row Labels | B6: BRMAO | C6: BRPEC | D6: BRSUA | E6: BRSSA | F6: BRIGI | G6: BRSSZ | H6: Grand Total | J6: BRSSA | K6: =B10 -> 2 | L6: =C10 -> 0 | M6: =D10 -> 0 | N6: =E10 -> 0 | O6: =F10 -> 0 | P6: =G10 -> 0 | Q6: =SUM(K6:P6) -> 2 | S6: BRSUA - NB | T6: =K32 -> 331 | U6: =M35+M34+M33 -> 392 | V6: =ABS(U16)-U17 -> 169 | W6: =T21+T20+T19 -> 54 | X6: =SUM(T6:W6) -> 946 | AB6: =Q33*4 -> 384
A7: BRMAO | C7: 63 | D7: 2 | F7: 25 | G7: 95 | H7: 185 | J7: BRIGI | K7: =B11 -> 19 | L7: =C11 -> 28 | M7: =D11 -> 41 | N7: =E11 -> 0 | O7: =F11 -> 0 | P7: =G11 -> 0 | Q7: =SUM(K7:P7) -> 88 | S7: BRPEC - NB | T7: =K31 -> 260 | U7: =L33+L34+L35 -> 350 | V7: =U17 -> 136 | W7: 0 | X7: =SUM(T7:W7) -> 746 | AB7: =Q34*4 -> 1388
A8: BRPEC | B8: 28 | F8: 20 | G8: 96 | H8: 144 | J8: BRSSZ | K8: =B12 -> 64 | L8: =C12 -> 29 | M8: =D12 -> 75 | N8: =E12 -> 14 | O8: =F12 -> 0 | P8: =G12 -> 0 | Q8: =SUM(K8:P8) -> 182 | S8: BRMCP | X8: =SUM(T8:W8) -> 0 | AB8: =Q35*4 -> 3296 | AD8: 2988 | AE8: =AB8-AD8 -> 308
A9: BRSUA | B9: 108 | F9: 26 | G9: 50 | H9: 184 | J9: Total Destino | K9: =SUM(K3:K8) -> 221 | L9: =SUM(L3:L8) -> 120 | M9: =SUM(M3:M8) -> 118 | N9: =SUM(N3:N8) -> 14 | O9: =SUM(O3:O8) -> 71 | P9: =SUM(P3:P8) -> 241 | Q9: =SUM(Q3:Q8) -> 785 | S9: BRMAO | T9: =Q30 -> 1205 | U9: =K36 -> 967 | V9: =T16+V16 -> 67 | W9: =ABS(U16) -> 305 | X9: =SUM(T9:W9) -> 2544 | AB9: =Q36*4 -> 13228
A10: BRSSA | B10: 2 | H10: 2 | S10: BRMCP | X10: =SUM(T10:W10) -> 0
A11: BRIGI | B11: 19 | C11: 28 | D11: 41 | H11: 88 | J11: 45G1 | K11: BRMAO | L11: BRPEC | M11: BRSUA | N11: BRSSA | O11: BRIGI | P11: BRSSZ | Q11: Total Origem | S11: BRPEC - SB | T11: =O31+P31 -> 156 | U11: =L30 -> 175 | V11: 0 | W11: =ABS(T17)+ABS(V17) -> 27 | X11: =SUM(T11:W11) -> 358 | AB11: Port | AC11: Sailing | AD11: Capacity | AE11: Utilization
A12: BRSSZ | B12: 64 | C12: 29 | D12: 75 | E12: 14 | H12: 182 | J12: BRMAO | K12: =B21 -> 0 | L12: =C21 -> 112 | M12: =D21 -> 154 | N12: =E21 -> 0 | O12: =F21 -> 201 | P12: =G21 -> 553 | Q12: =SUM(K12:P12) -> 1020 | S12: BRSUA - SB | T12: =O32+P32 -> 88 | U12: =M30+M31 -> 156 | V12: =U18-V6 -> 35 | W12: =ABS(T18)-W6+ABS(V18) -> 21 | X12: =SUM(T12:W12) -> 300 | AB12: BRSSZ | AC12: =Q44 -> 1466 | AD12: 2240 | AE12: =AC12/AD12 -> 0.65446429
A13: Grand Total | B13: 221 | C13: 120 | D13: 118 | E13: 14 | F13: 71 | G13: 241 | H13: 785 | J13: BRPEC | K13: =B22 -> 231 | L13: =C22 -> 0 | M13: =D22 -> 0 | N13: =E22 -> 0 | O13: =F22 -> 0 | P13: =G22 -> 38 | Q13: =SUM(K13:P13) -> 269 | AB13: BRIGI | AC13: =AC12-O44+Q43 -> 2072 | AD13: 2240 | AE13: =AC13/AD13 -> 0.925
J14: BRSUA | K14: =B23 -> 212 | L14: =C23 -> 0 | M14: =D23 -> 0 | N14: =E23 -> 0 | O14: =F23 -> 4 | P14: =G23 -> 7 | Q14: =SUM(K14:P14) -> 223 | AB14: BRSSA | AC14: =AC13-N43-N44+Q42 -> 1978 | AD14: 2240 | AE14: =AC14/AD14 -> 0.88303571
A15: cpType | B15: (All) | J15: BRSSA | K15: =B24 -> 82 | L15: =C24 -> 9 | M15: =D24 -> 1 | N15: =E24 -> 0 | O15: =F24 -> 0 | P15: =G24 -> 0 | Q15: =SUM(K15:P15) -> 92 | S15: IMB | T15: 22G1 | U15: 45G1 | V15: 45R1 | W15: Total | AB15: BRSUA - NB | AC15: =AC14-M42-M43-M44+K41+L41 -> 1864 | AD15: 2240 | AE15: =AC15/AD15 -> 0.83214286
A16: cpService | B16: KAB01 | J16: BRIGI | K16: =B25 -> 42 | L16: =C25 -> 92 | M16: =D25 -> 78 | N16: =E25 -> 47 | O16: =F25 -> 0 | P16: =G25 -> 0 | Q16: =SUM(K16:P16) -> 259 | S16: BRMAO | T16: =K9-Q3 -> 36 | U16: =K18-Q12 -> -305 | V16: =K27-Q21 -> 31 | W16: =ABS(T16)+ABS(U16)+ABS(V16) -> 372 | AB16: BRPEC - NB | AC16: =AC15-L42-L43-L44+K40 -> 1713 | AD16: 2240 | AE16: =AC16/AD16 -> 0.76473214
A17: cpContainerType | B17: 45G1 | J17: BRSSZ | K17: =B26 -> 148 | L17: =C26 -> 192 | M17: =D26 -> 194 | N17: =E26 -> 80 | O17: =F26 -> 0 | P17: =G26 -> 0 | Q17: =SUM(K17:P17) -> 614 | S17: BRPEC | T17: =L9-Q4 -> -24 | U17: =L18-Q13 -> 136 | V17: =L27-Q22 -> -3 | W17: =ABS(T17)+ABS(U17)+ABS(V17) -> 163 | AB17: BRMAO | AC17: =Q39 -> 2225 | AD17: 2240 | AE17: =AC17/AD17 -> 0.99330357
J18: Total Destino | K18: =SUM(K12:K17) -> 715 | L18: =SUM(L12:L17) -> 405 | M18: =SUM(M12:M17) -> 427 | N18: =SUM(N12:N17) -> 127 | O18: =SUM(O12:O17) -> 205 | P18: =SUM(P12:P17) -> 598 | Q18: =SUM(Q12:Q17) -> 2477 | S18: BRSUA | T18: =M9-Q5 -> -66 | U18: =M18-Q14 -> 204 | V18: =M27-Q23 -> -9 | W18: =ABS(T18)+ABS(U18)+ABS(V18) -> 279 | AB18: BRPEC - SB | AC18: =AC17-L39+O40+P40 -> 2134 | AD18: 2240 | AE18: =AC18/AD18 -> 0.95267857
A19: Sum of maxWeek | B19: Column Labels | S19: BRSSA | T19: =N9-Q6 -> 12 | U19: =N18-Q15 -> 35 | V19: =N27-Q24 -> 6 | W19: =ABS(T19)+ABS(U19)+ABS(V19) -> 53 | AB19: BRSUA - SB | AC19: =AC18-M39-M40+O41+P41 -> 1924 | AD19: 2240 | AE19: =AC19/AD19 -> 0.85892857
A20: Row Labels | B20: BRMAO | C20: BRPEC | D20: BRSUA | E20: BRSSA | F20: BRIGI | G20: BRSSZ | H20: Grand Total | J20: 45R1 | K20: BRMAO | L20: BRPEC | M20: BRSUA | N20: BRSSA | O20: BRIGI | P20: BRSSZ | Q20: Total Origem | S20: BRIGI | T20: =O9-Q7 -> -17 | U20: =O18-Q16 -> -54 | V20: =O27-Q25 -> 0 | W20: =ABS(T20)+ABS(U20)+ABS(V20) -> 71
A21: BRMAO | C21: 112 | D21: 154 | F21: 201 | G21: 553 | H21: 1020 | J21: BRMAO | Q21: =SUM(K21:P21) -> 0 | S21: BRSSZ | T21: =P9-Q8 -> 59 | U21: =P18-Q17 -> -16 | V21: =P27-Q26 -> -25 | W21: =ABS(T21)+ABS(U21)+ABS(V21) -> 100
A22: BRPEC | B22: 231 | G22: 38 | H22: 269 | J22: BRPEC | K22: =B35 -> 1 | P22: =E35 -> 2 | Q22: =SUM(K22:P22) -> 3 | S22: Total | T22: =SUM(T16:T21) -> 0 | U22: =SUM(U16:U21) -> 0 | V22: =SUM(V16:V21) -> 0 | W22: =SUM(W16:W21) -> 1038
A23: BRSUA | B23: 212 | F23: 4 | G23: 7 | H23: 223 | J23: BRSUA | K23: =B36 -> 11 | P23: =E36 -> 1 | Q23: =SUM(K23:P23) -> 12
A24: BRSSA | B24: 82 | C24: 9 | D24: 1 | H24: 92 | J24: BRSSA | K24: =B37 -> 2 | Q24: =SUM(K24:P24) -> 2
A25: BRIGI | B25: 42 | C25: 92 | D25: 78 | E25: 47 | H25: 259 | J25: BRIGI | Q25: =SUM(K25:P25) -> 0
A26: BRSSZ | B26: 148 | C26: 192 | D26: 194 | E26: 80 | H26: 614 | J26: BRSSZ | K26: =B38 -> 17 | M26: =C38 -> 3 | N26: =D38 -> 8 | Q26: =SUM(K26:P26) -> 28
A27: Grand Total | B27: 715 | C27: 405 | D27: 427 | E27: 127 | F27: 205 | G27: 598 | H27: 2477 | J27: Total Destino | K27: =SUM(K21:K26) -> 31 | L27: =SUM(L21:L26) -> 0 | M27: =SUM(M21:M26) -> 3 | N27: =SUM(N21:N26) -> 8 | O27: =SUM(O21:O26) -> 0 | P27: =SUM(P21:P26) -> 3 | Q27: =SUM(Q21:Q26) -> 45
A29: cpType | B29: (All) | J29: Contêineres | K29: BRMAO | L29: BRPEC | M29: BRSUA | N29: BRSSA | O29: BRIGI | P29: BRSSZ | Q29: Total Origem
A30: cpService | B30: KAB01 | J30: BRMAO | K30: =K3+K12+K21 -> 0 | L30: =L3+L12+L21 -> 175 | M30: =M3+M12+M21 -> 156 | N30: =N3+N12+N21 -> 0 | O30: =O3+O12+O21 -> 226 | P30: =P3+P12+P21 -> 648 | Q30: =SUM(K30:P30) -> 1205
A31: cpContainerType | B31: 45R1 | J31: BRPEC | K31: =K4+K13+K22 -> 260 | L31: =L4+L13+L22 -> 0 | M31: =M4+M13+M22 -> 0 | N31: =N4+N13+N22 -> 0 | O31: =O4+O13+O22 -> 20 | P31: =P4+P13+P22 -> 136 | Q31: =SUM(K31:P31) -> 416
J32: BRSUA | K32: =K5+K14+K23 -> 331 | L32: =L5+L14+L23 -> 0 | M32: =M5+M14+M23 -> 0 | N32: =N5+N14+N23 -> 0 | O32: =O5+O14+O23 -> 30 | P32: =P5+P14+P23 -> 58 | Q32: =SUM(K32:P32) -> 419
A33: Sum of maxWeek | B33: Column Labels | J33: BRSSA | K33: =K6+K15+K24 -> 86 | L33: =L6+L15+L24 -> 9 | M33: =M6+M15+M24 -> 1 | N33: =N6+N15+N24 -> 0 | O33: =O6+O15+O24 -> 0 | P33: =P6+P15+P24 -> 0 | Q33: =SUM(K33:P33) -> 96
A34: Row Labels | B34: BRMAO | C34: BRSUA | D34: BRSSA | E34: BRSSZ | F34: Grand Total | J34: BRIGI | K34: =K7+K16+K25 -> 61 | L34: =L7+L16+L25 -> 120 | M34: =M7+M16+M25 -> 119 | N34: =N7+N16+N25 -> 47 | O34: =O7+O16+O25 -> 0 | P34: =P7+P16+P25 -> 0 | Q34: =SUM(K34:P34) -> 347
A35: BRPEC | B35: 1 | C35: 0 | D35: 0 | E35: 2 | F35: 3 | J35: BRSSZ | K35: =K8+K17+K26 -> 229 | L35: =L8+L17+L26 -> 221 | M35: =M8+M17+M26 -> 272 | N35: =N8+N17+N26 -> 102 | O35: =O8+O17+O26 -> 0 | P35: =P8+P17+P26 -> 0 | Q35: =SUM(K35:P35) -> 824
A36: BRSUA | B36: 11 | C36: 0 | D36: 0 | E36: 1 | F36: 12 | J36: Total Destino | K36: =SUM(K30:K35) -> 967 | L36: =SUM(L30:L35) -> 525 | M36: =SUM(M30:M35) -> 548 | N36: =SUM(N30:N35) -> 149 | O36: =SUM(O30:O35) -> 276 | P36: =SUM(P30:P35) -> 842 | Q36: =SUM(Q30:Q35) -> 3307
A37: BRSSA | B37: 2 | C37: 0 | D37: 0 | E37: 0 | F37: 2
A38: BRSSZ | B38: 17 | C38: 3 | D38: 8 | E38: 0 | F38: 28 | J38: TEU | K38: BRMAO | L38: BRPEC | M38: BRSUA | N38: BRSSA | O38: BRIGI | P38: BRSSZ | Q38: Total Origem
A39: Grand Total | B39: 31 | C39: 3 | D39: 8 | E39: 3 | F39: 45 | J39: BRMAO | K39: =(K3+2*(K12+K21)) -> 0 | L39: =(L3+2*(L12+L21)) -> 287 | M39: =(M3+2*(M12+M21)) -> 310 | N39: =(N3+2*(N12+N21)) -> 0 | O39: =(O3+2*(O12+O21)) -> 427 | P39: =(P3+2*(P12+P21)) -> 1201 | Q39: =SUM(K39:P39) -> 2225
J40: BRPEC | K40: =(K4+2*(K13+K22)) -> 492 | L40: =(L4+2*(L13+L22)) -> 0 | M40: =(M4+2*(M13+M22)) -> 0 | N40: =(N4+2*(N13+N22)) -> 0 | O40: =(O4+2*(O13+O22)) -> 20 | P40: =(P4+2*(P13+P22)) -> 176 | Q40: =SUM(K40:P40) -> 688
J41: BRSUA | K41: =(K5+2*(K14+K23)) -> 554 | L41: =(L5+2*(L14+L23)) -> 0 | M41: =(M5+2*(M14+M23)) -> 0 | N41: =(N5+2*(N14+N23)) -> 0 | O41: =(O5+2*(O14+O23)) -> 34 | P41: =(P5+2*(P14+P23)) -> 66 | Q41: =SUM(K41:P41) -> 654
J42: BRSSA | K42: =(K6+2*(K15+K24)) -> 170 | L42: =(L6+2*(L15+L24)) -> 18 | M42: =(M6+2*(M15+M24)) -> 2 | N42: =(N6+2*(N15+N24)) -> 0 | O42: =(O6+2*(O15+O24)) -> 0 | P42: =(P6+2*(P15+P24)) -> 0 | Q42: =SUM(K42:P42) -> 190
J43: BRIGI | K43: =(K7+2*(K16+K25)) -> 103 | L43: =(L7+2*(L16+L25)) -> 212 | M43: =(M7+2*(M16+M25)) -> 197 | N43: =(N7+2*(N16+N25)) -> 94 | O43: =(O7+2*(O16+O25)) -> 0 | P43: =(P7+2*(P16+P25)) -> 0 | Q43: =SUM(K43:P43) -> 606
J44: BRSSZ | K44: =(K8+2*(K17+K26)) -> 394 | L44: =(L8+2*(L17+L26)) -> 413 | M44: =(M8+2*(M17+M26)) -> 469 | N44: =(N8+2*(N17+N26)) -> 190 | O44: =(O8+2*(O17+O26)) -> 0 | P44: =(P8+2*(P17+P26)) -> 0 | Q44: =SUM(K44:P44) -> 1466
J45: Total Destino | K45: =SUM(K39:K44) -> 1713 | L45: =SUM(L39:L44) -> 930 | M45: =SUM(M39:M44) -> 978 | N45: =SUM(N39:N44) -> 284 | O45: =SUM(O39:O44) -> 481 | P45: =SUM(P39:P44) -> 1443 | Q45: =SUM(Q39:Q44) -> 5829

Sheet Distancia Rodo
B3: Cidade | C3: Porto Embarque | D3: Código do Porto | E3: Distância para Terminal de Contêineres (km) | F3: Distância para Depot (km) | G3: Distância para Terminal de Transportadora (km) | H3: Distância Rodoviária Total da Cabotagem (km) | K3: Cidade | L3: Porto Embarque | M3: Código do Porto
B4: Manaus | C4: Manaus | D4: BRMAO | E4: 10 | F4: 5 | G4: 5 | H4: =2*E4+F4+G4 -> 30 | K4: Manaus | L4: Manaus | M4: BRMAO
B5: Fortaleza | C5: Pecém | D5: BRPEC | E5: 51 | F5: 5 | G5: 5 | H5: =2*E5+F5+G5 -> 112 | K5: Fortaleza | L5: Pecém | M5: BRPEC
B6: Recife | C6: Suape | D6: BRSUA | E6: 50.3 | F6: 5 | G6: 5 | H6: =2*E6+F6+G6 -> 110.6 | K6: Recife | L6: Suape | M6: BRSUA
B7: Salvador | C7: Salvador | D7: BRSSA | E7: 12 | F7: 5 | G7: 5 | H7: =2*E7+F7+G7 -> 34 | K7: Salvador | L7: Salvador | M7: BRSSA
B8: Rio de Janeiro | C8: Itaguaí | D8: BRIGI | E8: 85.9 | F8: 5 | G8: 5 | H8: =2*E8+F8+G8 -> 181.8 | K8: Rio de Janeiro | L8: Itaguaí | M8: BRIGI
B9: São Paulo | C9: Santos | D9: BRSSZ | E9: 96 | F9: 5 | G9: 5 | H9: =2*E9+F9+G9 -> 202 | K9: São Paulo | L9: Santos | M9: BRSSZ
B11: Distâncias para o transporte de contêineres por par de portos
B13: Distâncias (km) | C13: Manaus | D13: Fortaleza | E13: Recife | F13: Salvador | G13: Rio de Janeiro | H13: São Paulo
B14: Manaus | D14: =H4+H5 -> 142 | E14: =H4+H6 -> 140.6 | F14: =H4+H7 -> 64 | G14: =H4+H8 -> 211.8 | H14: =H4+H9 -> 232
B15: Fortaleza | C15: =D14 -> 142 | E15: =H5+H6 -> 222.6 | F15: =H5+H7 -> 146 | G15: =H5+H8 -> 293.8 | H15: =H5+H9 -> 314
B16: Recife | C16: =E14 -> 140.6 | D16: =E15 -> 222.6 | F16: =H6+H7 -> 144.6 | G16: =H6+H8 -> 292.4 | H16: =H6+H9 -> 312.6
B17: Salvador | C17: =F14 -> 64 | D17: =F15 -> 146 | E17: =F16 -> 144.6 | G17: =H7+H8 -> 215.8 | H17: =+H7+H9 -> 236
B18: Rio de Janeiro | C18: =G14 -> 211.8 | D18: =G15 -> 293.8 | E18: =G16 -> 292.4 | F18: =G17 -> 215.8 | H18: =H8+H9 -> 383.8
B19: São Paulo | C19: =H14 -> 232 | D19: =H15 -> 314 | E19: =H16 -> 312.6 | F19: =H17 -> 236 | G19: =H18 -> 383.8
B21: Distância Rodoviária a partir do Google Maps
B23: Distâncias (km) | C23: Belém | D23: Fortaleza | E23: Recife | F23: Salvador | G23: Rio de Janeiro | H23: São Paulo
B24: Belém | D24: 1513 | E24: 2032 | F24: 2059 | G24: 3112 | H24: 2896
B25: Fortaleza | C25: =D24 -> 1513 | E25: 782 | F25: 1183 | G25: 2582 | H25: 3085
B26: Recife | C26: =E24 -> 2032 | D26: =E25 -> 782 | F26: 847 | G26: 2320 | H26: 2648
B27: Salvador | C27: =F24 -> 2059 | D27: =F25 -> 1183 | E27: =F26 -> 847 | G27: 1633 | H27: 1929
B28: Rio de Janeiro | C28: =G24 -> 3112 | D28: =G25 -> 2582 | E28: =G26 -> 2320 | F28: =G27 -> 1633 | H28: 434
B29: São Paulo | C29: =H24 -> 2896 | D29: =H25 -> 3085 | E29: =H26 -> 2648 | F29: =H27 -> 1929 | G29: 434
B31: Distância Rodoviária considerando 10 km de/para Terminal de Balsas em Manaus
B33: Distâncias (km) | C33: Manaus (via Belém) | D33: Fortaleza | E33: Recife | F33: Salvador | G33: Rio de Janeiro | H33: São Paulo
B34: Manaus (via Belém) | D34: =D24+10 -> 1523 | E34: =E24+10 -> 2042 | F34: =F24+10 -> 2069 | G34: =G24+10 -> 3122 | H34: =H24+10 -> 2906
B35: Fortaleza | C35: =C25+10 -> 1523 | E35: =E25 -> 782 | F35: =F25 -> 1183 | G35: =G25 -> 2582 | H35: =H25 -> 3085
B36: Recife | C36: =C26+10 -> 2042 | D36: =D26 -> 782 | F36: =F26 -> 847 | G36: =G26 -> 2320 | H36: =H26 -> 2648
B37: Salvador | C37: =C27+10 -> 2069 | D37: =D27 -> 1183 | E37: =E27 -> 847 | G37: =G27 -> 1633 | H37: =H27 -> 1929
B38: Rio de Janeiro | C38: =C28+10 -> 3122 | D38: =D28 -> 2582 | E38: =E28 -> 2320 | F38: =F28 -> 1633 | H38: =H28 -> 434
B39: São Paulo | C39: =C29+10 -> 2906 | D39: =D29 -> 3085 | E39: =E29 -> 2648 | F39: =F29 -> 1929 | G39: =G29 -> 434

Sheet Fatores Emissao
B2: Óleo Diesel - Caminhões Pesados | N2: Fatores para cálculo de CO2e
B3: Emissões Veiculares no Estado de São Paulo 2021 da CETESB
B5: Caminhões Pesados com motores do ciclo Diesel | D5: CO | E5: HC | F5: CH4 | G5: NOx | H5: MP | I5: N2O | J5: Autonomia | K5: CO2 | L5: CO2 | N5: GEE | O5: GWP (AR5)
B6: Ano | C6: Fase Proconve | D6: (g/km) | E6: (g/km) | F6: (g/km) | G6: (g/km) | H6: (g/km) | I6: (g/km) | J6: (km/l) | K6: kg/l | L6: kg/km | N6: Dióxido de Carbono (CO2) | O6: 1
B7: 2016 | C7: P7 | D7: 0.29243216 | E7: 0.032638078 | F7: 0.06 | G7: 1.6895825 | H7: 0.015589921 | I7: 0.03 | J7: 3.61 | K7: 2.603 | L7: =K7/J7 -> 0.72105263 | N7: Metano (CH4) | O7: 28
N8: Óxido Nitroso (N2O) | O8: 265
B10: Óleo Diesel - Equipamentos de Movimentação de Contêineres
B12: EPA - GHG Emission Factors Hub
C14: Gás
C15: CO2 | D15: CH4 | E15: N2O | G15: CO2 | H15: 10.21 | I15: kg/gallon
B16: Tipo | C16: kg/l | D16: (g/l) | E16: (g/l) | G16: CH4 | H16: 0.57 | I16: g/gallon
B17: Diesel | C17: =H15/H18 -> 2.6971979 | D17: =H16/H18 -> 0.15057814 | E17: =H17/H18 -> 0.068684766 | G17: N2O | H17: 0.26 | I17: g/gallon
G18: 1 Gallon | H18: 3.78541 | I18: l
G19: Density | H19: 0.85 | I19: kg/l
B23: Óleos Marítimos
B24: Fourth IMO GHG Study 2020 - Table 27 – Emissions factors used in this study for top-down estimation (unit: kg pollutant/tonne fuel)
B26: Poluente (kg /t combustível) - base 2018
B27: Poluente | C27: Tipo Combustível | D27: 2012 | E27: 2013 | F27: 2014 | G27: 2015 | H27: 2016 | I27: 2017 | J27: 2018
B28: CO2 | C28: HFO | D28: 3114 | E28: 3114 | F28: 3114 | G28: 3114 | H28: 3114 | I28: 3114 | J28: 3114
C29: MDO | D29: 3206 | E29: 3206 | F29: 3206 | G29: 3206 | H29: 3206 | I29: 3206 | J29: 3206
C30: LNG | D30: 2750 | E30: 2750 | F30: 2750 | G30: 2750 | H30: 2750 | I30: 2750 | J30: 2750
B31: CH4 | C31: HFO | D31: 0.05 | E31: 0.05 | F31: 0.05 | G31: 0.05 | H31: 0.05 | I31: 0.05 | J31: 0.05
C32: MDO | D32: 0.05 | E32: 0.05 | F32: 0.05 | G32: 0.05 | H32: 0.05 | I32: 0.05 | J32: 0.05
C33: LNG | D33: 5.31 | E33: 6 | F33: 7.35 | G33: 8.48 | H33: 10.2 | I33: 11.22 | J33: 11.96
B34: N2O | C34: HFO | D34: 0.17 | E34: 0.17 | F34: 0.17 | G34: 0.17 | H34: 0.18 | I34: 0.18 | J34: 0.18
C35: MDO | D35: 0.18 | E35: 0.18 | F35: 0.18 | G35: 0.18 | H35: 0.18 | I35: 0.18 | J35: 0.18
C36: LNG | D36: 0.08 | E36: 0.08 | F36: 0.08 | G36: 0.09 | H36: 0.09 | I36: 0.1 | J36: 0.1
B37: NOx | C37: HFO | D37: 78.61 | E37: 77.18 | F37: 76.19 | G37: 76.98 | H37: 76.71 | I37: 76.67 | J37: 75.9
C38: MDO | D38: 53.12 | E38: 52.51 | F38: 52.14 | G38: 57.68 | H38: 57.45 | I38: 57.62 | J38: 56.71
C39: LNG | D39: 5.6 | E39: 5.9 | F39: 5.82 | G39: 5.99 | H39: 7.46 | I39: 10.95 | J39: 13.44
B40: CO | C40: HFO | D40: 2.84 | E40: 2.83 | F40: 2.84 | G40: 2.86 | H40: 2.86 | I40: 2.87 | J40: 2.88
C41: MDO | D41: 2.48 | E41: 2.47 | F41: 2.47 | G41: 2.58 | H41: 2.58 | I41: 2.6 | J41: 2.59
C42: LNG | D42: 1.88 | E42: 2.07 | F42: 2.38 | G42: 2.64 | H42: 3.1 | I42: 3.57 | J42: 3.97
B43: NMVOC | C43: HFO | D43: 3.14 | E43: 3.13 | F43: 3.13 | G43: 3.17 | H43: 3.18 | I43: 3.19 | J43: 3.2
C44: MDO | D44: 2.16 | E44: 2.15 | F44: 2.15 | G44: 2.39 | H44: 2.39 | I44: 2.42 | J44: 2.4
C45: LNG | D45: 0.81 | E45: 0.88 | F45: 0.99 | G45: 1.09 | H45: 1.26 | I45: 1.44 | J45: 1.59
B46: SOx | C46: HFO | D46: 46.63 | E46: 44.8 | F46: 45.31 | G46: 47.9 | H46: 50.44 | I46: 50.83 | J46: 50.83
C47: MDO | D47: 2.74 | E47: 2.54 | F47: 2.35 | G47: 1.56 | H47: 1.56 | I47: 1.56 | J47: 1.37
C48: LNG | D48: 0.03 | E48: 0.03 | F48: 0.03 | G48: 0.03 | H48: 0.03 | I48: 0.03 | J48: 0.03
B49: PM | C49: HFO | D49: 7.11 | E49: 6.96 | F49: 7.01 | G49: 7.26 | H49: 7.48 | I49: 7.53 | J49: 7.55
C50: MDO | D50: 0.97 | E50: 0.96 | F50: 0.94 | G50: 0.92 | H50: 0.92 | I50: 0.92 | J50: 0.9
C51: LNG | D51: 0.11 | E51: 0.11 | F51: 0.11 | G51: 0.11 | H51: 0.11 | I51: 0.11 | J51: 0.11
B52: PM2.5 | C52: HFO | D52: 6.54 | E52: 6.41 | F52: 6.45 | G52: 6.68 | H52: 6.88 | I52: 6.93 | J52: 6.94
C53: MDO | D53: 0.9 | E53: 0.88 | F53: 0.87 | G53: 0.84 | H53: 0.84 | I53: 0.85 | J53: 0.83
C54: LNG | D54: 0.1 | E54: 0.1 | F54: 0.1 | G54: 0.1 | H54: 0.1 | I54: 0.1 | J54: 0.1
B55: BC | C55: HFO | D55: 0.26 | E55: 0.27 | F55: 0.27 | G55: 0.26 | H55: 0.26 | I55: 0.26 | J55: 0.26
C56: MDO | D56: 0.43 | E56: 0.43 | F56: 0.43 | G56: 0.37 | H56: 0.37 | I56: 0.37 | J56: 0.38
C57: LNG | D57: 0.019 | E57: 0.019 | F57: 0.019 | G57: 0.019 | H57: 0.019 | I57: 0.019 | J57: 0.019
C60: Poluente (kg /t combustível) - base 2018
B61: Tipo | C61: CO2 | D61: CH4 | E61: N2O | F61: Density (kg/l)
B62: VLSFO | C62: 3114 | D62: 0.05 | E62: 0.18
B63: MDO | C63: ='Fatores Emissao'!J29 -> 3206 | D63: ='Fatores Emissao'!J32 -> 0.05 | E63: ='Fatores Emissao'!J35 -> 0.18 | F63: 0.877
B64: LNG | C64: =J30 -> 2750 | D64: =J33 -> 11.96 | E64: =J36 -> 0.1
B65: Methanol | C65: 1375 | D65: 0 | E65: 0
B67: Gás Comprimido
B68: EPA - GHG Emission Factors Hub
C70: CO2 | D70: CH4 | E70: N2O | G70: https://www.epa.gov/system/files/documents/2022-04/ghg_emission_factors_hub.pdf
B71: Tipo | C71: kg/km | D71: (g/km) | E71: (g/km)
B72: CNG - GNV | C72: =550/1000 -> 0.55 | D72: 3.7 | E72: 0.001
B75: Biodiesel - HVO
B76: EPA - GHG Emission Factors Hub
C78: CO2 | D78: CH4 | E78: N2O | G78: https://www.epa.gov/system/files/documents/2022-04/ghg_emission_factors_hub.pdf
B79: Tipo | C79: kg/km | D79: g/km | E79: g/km
B80: Biodiesel | C80: =H83 -> 0.69345196 | D80: =H85 -> 0.0055923546 | E80: =H87 -> 0.026719028 | G80: 1 mile | H80: 1.60934 | I80: km | K80: CO2 | L80: 9.45 | M80: kg/gallon
G81: 1 Gallon | H81: 3.78541 | I81: l | K81: CH4 | L81: 0.57 | M81: g/gallon
C82: CO2 | D82: CH4 | E82: N2O | G82: Autonomia | H82: 3.6 | I82: km/l | K82: N2O | L82: 0.26 | M82: g/gallon
B83: Tipo | C83: kg/t | D83: kg/t | E83: kg/t | G83: CO2 | H83: =L80/H82/H81 -> 0.69345196 | I83: kg/km | K83: Density | L83: 0.88 | M83: kg/l
B84: Biodiesel | C84: =L80/H81/L83*1000 -> 2836.8489 | D84: =L81/H81/L83 -> 0.17111152 | E84: =L82/H81/L83 -> 0.07805087 | G84: CH4 | H84: 0.009 | I84: g/mile
G85: CH4 | H85: =H84/H80 -> 0.0055923546 | I85: g/km
C86: CO2 | D86: CH4 | E86: N2O | G86: N2O | H86: 0.043 | I86: g/mile
B87: Tipo | C87: kg/l | D87: g/l | E87: g/l | G87: N2O | H87: =H86/H80 -> 0.026719028 | I87: g/km
B88: Biodiesel | C88: =L80/H81 -> 2.4964271 | D88: =L81/H81 -> 0.15057814 | E88: =L82/H81 -> 0.068684766
B91: Calorific Values
B93: Valores Caloríficos
B94: Tipo Combustível | C94: kJ/g | D94: Fonte
B95: VLSFO | C95: 41.7 | D95: MEPC76/5, 2023
B96: MDO | C96: 42.7 | D96: MEPC.281(70), 2023
B97: Diesel | C97: 42.63 | D97: OLIVEIRA e DA SILVA, 2023
B98: Biodiesel | C98: 40 | D98: OLIVEIRA e DA SILVA, 2023
B99: LNG | C99: 48 | D99: MEPC.281(70), 2023
B100: Methanol | C100: 19.9 | D100: MEPC.281(70), 2023
B106: Resumo do Parâmetros
B108: Parâmetros utilizados para cálculo das Emissões de CO2e
B109: Tipo Combustível | C109: CO2 | D109: CH4 | E109: N2O | F109: Unidade | G109: Fonte
B110: VLSFO | C110: =C62 -> 3114 | D110: =D62 -> 0.05 | E110: =E62 -> 0.18 | F110: kg/t combustível | G110: EPA 2023
B111: MDO | C111: =C63 -> 3206 | D111: =D63 -> 0.05 | E111: =E63 -> 0.18 | F111: kg/t combustível | G111: EPA 2023
B112: LNG | C112: =C64 -> 2750 | D112: =D64 -> 11.96 | E112: =E64 -> 0.1 | F112: kg/t combustível | G112: EPA 2023
B113: Metanol | C113: =C65 -> 1375 | D113: =D65 -> 0 | E113: =E65 -> 0 | F113: kg/t combustível | G113: BRYNOF, FREDELL & ANDERSSON 2023
B114: Biodiesel | C114: =C84 -> 2836.8489 | D114: =D84 -> 0.17111152 | E114: =E84 -> 0.07805087 | F114: kg/t combustível | G114: EPA 2023
B115: Biodiesel | C115: =C80*1000 -> 693.45196 | D115: =D80 -> 0.0055923546 | E115: =E80 -> 0.026719028 | F115: g/km | G115: EPA 2023
B116: Biodiesel | C116: =C88*1000 -> 2496.4271 | D116: =D88 -> 0.15057814 | E116: =E88 -> 0.068684766 | F116: g/l | G116: EPA 2023
B117: CNG - GNV | C117: =C72*1000 -> 550 | D117: =D72 -> 3.7 | E117: =E72 -> 0.001 | F117: g/km | G117: EPA 2023

Sheet Fatores Emissao (2)
B2: Óleo Diesel - Caminhões Pesados | N2: Fatores para cálculo de CO2e
B3: Emissões Veiculares no Estado de São Paulo 2021 da CETESB
B5: Caminhões Pesados com motores do ciclo Diesel | D5: CO | E5: HC | F5: CH4 | G5: NOx | H5: MP | I5: N2O | J5: Autonomia | K5: CO2 | L5: CO2 | N5: GEE | O5: GWP (AR5)
B6: Ano | C6: Fase Proconve | D6: (g/km) | E6: (g/km) | F6: (g/km) | G6: (g/km) | H6: (g/km) | I6: (g/km) | J6: (km/l) | K6: kg/l | L6: kg/km | N6: Dióxido de Carbono (CO2) | O6: 1
B7: até 1999 | C7: P2/P3/P4 | D7: 2.01376 | E7: 0.73621333 | F7: 0.06 | G7: 11.584533 | H7: 0.71456 | I7: 0.03 | J7: 3.45 | N7: Metano (CH4) | O7: 28
B8: 2000-2001 | C8: P3/P4 | D8: 1.8102385 | E8: 0.60341284 | F8: 0.06 | G8: 7.3191743 | H8: 0.35534312 | I8: 0.03 | J8: 3.45 | N8: Óxido Nitroso (N2O) | O8: 265
B9: 2002-2003 | C9: P4 | D9: 0.986 | E9: 0.3364 | F9: 0.06 | G9: 7.1456 | H9: 0.1392 | I9: 0.03 | J9: 3.45
B10: 2004-2005 | C10: P4/P5 | D10: 0.94 | E10: 0.25 | F10: 0.06 | G10: 6 | H10: 0.111 | I10: 0.03 | J10: 3.45
B11: 2006 | C11: P4/P5 | D11: 0.80847321 | E11: 0.21769263 | F11: 0.06 | G11: 5.2086482 | H11: 0.093560549 | I11: 0.03 | J11: 3.4482759
B12: 2007 | C12: P4/P5 | D12: 0.80847321 | E12: 0.21769263 | F12: 0.06 | G12: 5.2086482 | H12: 0.093560549 | I12: 0.03 | J12: 3.4482759
B13: 2008 | C13: P5 | D13: 0.71298621 | E13: 0.149008 | F13: 0.06 | G13: 5.3971803 | H13: 0.08539758 | I13: 0.03 | J13: 3.4482759
B14: 2009 | C14: P5 | D14: 0.90559321 | E14: 0.1166612 | F14: 0.06 | G14: 5.3488062 | H14: 0.080399024 | I14: 0.03 | J14: 3.4482759
B15: 2010 | C15: P5 | D15: 0.64286924 | E15: 0.1678739 | F15: 0.06 | G15: 5.3118644 | H15: 0.066322905 | I15: 0.03 | J15: 3.4482759
B16: 2011 | C16: P5 | D16: 0.7888196 | E16: 0.15728412 | F16: 0.06 | G16: 5.1879746 | H16: 0.071427254 | I16: 0.03 | J16: 3.4482759
B17: 2012 | C17: P7 | D17: 0.25617855 | E17: 0.029793416 | F17: 0.06 | G17: 1.5901287 | H17: 0.014981873 | I17: 0.03 | J17: 3.61
B18: 2013 | C18: P7 | D18: 0.28093545 | E18: 0.02853339 | F18: 0.06 | G18: 1.541663 | H18: 0.016157334 | I18: 0.03 | J18: 3.61
B19: 2014 | C19: P7 | D19: 0.28093545 | E19: 0.02853339 | F19: 0.06 | G19: 1.541663 | H19: 0.016157334 | I19: 0.03 | J19: 3.61
B20: 2015 | C20: P7 | D20: 0.2745322 | E20: 0.028584564 | F20: 0.06 | G20: 1.6325498 | H20: 0.016417892 | I20: 0.03 | J20: 3.61
B21: 2016 | C21: P7 | D21: 0.29243216 | E21: 0.032638078 | F21: 0.06 | G21: 1.6895825 | H21: 0.015589921 | I21: 0.03 | J21: 3.61 | K21: 2.603 | L21: =K21/J21 -> 0.72105263
B22: 2017 | C22: P7 | D22: 0.2330651 | E22: 0.024702351 | F22: 0.06 | G22: 1.6304326 | H22: 0.014045894 | I22: 0.03 | J22: 3.61
B23: 2018 | C23: P7 | D23: 0.28887895 | E23: 0.022701439 | F23: 0.06 | G23: 1.5979442 | H23: 0.014301402 | I23: 0.03 | J23: 3.61
B24: 2019 | C24: P7 | D24: 0.18626192 | E24: 0.012974946 | F24: 0.06 | G24: 1.4615692 | H24: 0.012981239 | I24: 0.03 | J24: 3.61
B25: 2020 | C25: P7 | D25: 0.19139348 | E25: 0.01275334 | F25: 0.06 | G25: 1.6482532 | H25: 0.014123316 | I25: 0.03 | J25: 3.61
B26: 2021 | C26: P7 | D26: 0.19346643 | E26: 0.01576897 | F26: 0.06 | G26: 1.571255 | H26: 0.012490735 | I26: 0.03 | J26: 3.61
B29: Óleo Diesel - Equipamentos de Movimentação de Contêineres
B31: EPA - GHG Emission Factors Hub
C33: CO2 | D33: CH4 | E33: N2O | G33: CO2 | H33: 10.21 | I33: kg/gallon
B34: Tipo | C34: kg/l | D34: (g/l) | E34: (g/l) | G34: CH4 | H34: 0.57 | I34: g/gallon
B35: Diesel | C35: =H33/H36 -> 2.6971979 | D35: =H34/H36 -> 0.15057814 | E35: =H35/H36 -> 0.068684766 | G35: N2O | H35: 0.26 | I35: g/gallon
G36: 1 Gallon | H36: 3.78541 | I36: l
G37: Density | H37: 0.85 | I37: kg/l
B41: Óleos Marítimos
B42: Fourth IMO GHG Study 2020 - Table 27 – Emissions factors used in this study for top-down estimation (unit: kg pollutant/tonne fuel)
B44: Poluente (kg /t combustível) - base 2018
B45: Poluente | C45: Tipo Combustível | D45: 2012 | E45: 2013 | F45: 2014 | G45: 2015 | H45: 2016 | I45: 2017 | J45: 2018
B46: CO2 | C46: HFO | D46: 3114 | E46: 3114 | F46: 3114 | G46: 3114 | H46: 3114 | I46: 3114 | J46: 3114
C47: MDO | D47: 3206 | E47: 3206 | F47: 3206 | G47: 3206 | H47: 3206 | I47: 3206 | J47: 3206
C48: LNG | D48: 2750 | E48: 2750 | F48: 2750 | G48: 2750 | H48: 2750 | I48: 2750 | J48: 2750
B49: CH4 | C49: HFO | D49: 0.05 | E49: 0.05 | F49: 0.05 | G49: 0.05 | H49: 0.05 | I49: 0.05 | J49: 0.05
C50: MDO | D50: 0.05 | E50: 0.05 | F50: 0.05 | G50: 0.05 | H50: 0.05 | I50: 0.05 | J50: 0.05
C51: LNG | D51: 5.31 | E51: 6 | F51: 7.35 | G51: 8.48 | H51: 10.2 | I51: 11.22 | J51: 11.96
B52: N2O | C52: HFO | D52: 0.17 | E52: 0.17 | F52: 0.17 | G52: 0.17 | H52: 0.18 | I52: 0.18 | J52: 0.18
C53: MDO | D53: 0.18 | E53: 0.18 | F53: 0.18 | G53: 0.18 | H53: 0.18 | I53: 0.18 | J53: 0.18
C54: LNG | D54: 0.08 | E54: 0.08 | F54: 0.08 | G54: 0.09 | H54: 0.09 | I54: 0.1 | J54: 0.1
B55: NOx | C55: HFO | D55: 78.61 | E55: 77.18 | F55: 76.19 | G55: 76.98 | H55: 76.71 | I55: 76.67 | J55: 75.9
C56: MDO | D56: 53.12 | E56: 52.51 | F56: 52.14 | G56: 57.68 | H56: 57.45 | I56: 57.62 | J56: 56.71
C57: LNG | D57: 5.6 | E57: 5.9 | F57: 5.82 | G57: 5.99 | H57: 7.46 | I57: 10.95 | J57: 13.44
B58: CO | C58: HFO | D58: 2.84 | E58: 2.83 | F58: 2.84 | G58: 2.86 | H58: 2.86 | I58: 2.87 | J58: 2.88
C59: MDO | D59: 2.48 | E59: 2.47 | F59: 2.47 | G59: 2.58 | H59: 2.58 | I59: 2.6 | J59: 2.59
C60: LNG | D60: 1.88 | E60: 2.07 | F60: 2.38 | G60: 2.64 | H60: 3.1 | I60: 3.57 | J60: 3.97
B61: NMVOC | C61: HFO | D61: 3.14 | E61: 3.13 | F61: 3.13 | G61: 3.17 | H61: 3.18 | I61: 3.19 | J61: 3.2
C62: MDO | D62: 2.16 | E62: 2.15 | F62: 2.15 | G62: 2.39 | H62: 2.39 | I62: 2.42 | J62: 2.4
C63: LNG | D63: 0.81 | E63: 0.88 | F63: 0.99 | G63: 1.09 | H63: 1.26 | I63: 1.44 | J63: 1.59
B64: SOx | C64: HFO | D64: 46.63 | E64: 44.8 | F64: 45.31 | G64: 47.9 | H64: 50.44 | I64: 50.83 | J64: 50.83
C65: MDO | D65: 2.74 | E65: 2.54 | F65: 2.35 | G65: 1.56 | H65: 1.56 | I65: 1.56 | J65: 1.37
C66: LNG | D66: 0.03 | E66: 0.03 | F66: 0.03 | G66: 0.03 | H66: 0.03 | I66: 0.03 | J66: 0.03
B67: PM | C67: HFO | D67: 7.11 | E67: 6.96 | F67: 7.01 | G67: 7.26 | H67: 7.48 | I67: 7.53 | J67: 7.55
C68: MDO | D68: 0.97 | E68: 0.96 | F68: 0.94 | G68: 0.92 | H68: 0.92 | I68: 0.92 | J68: 0.9
C69: LNG | D69: 0.11 | E69: 0.11 | F69: 0.11 | G69: 0.11 | H69: 0.11 | I69: 0.11 | J69: 0.11
B70: PM2.5 | C70: HFO | D70: 6.54 | E70: 6.41 | F70: 6.45 | G70: 6.68 | H70: 6.88 | I70: 6.93 | J70: 6.94
C71: MDO | D71: 0.9 | E71: 0.88 | F71: 0.87 | G71: 0.84 | H71: 0.84 | I71: 0.85 | J71: 0.83
C72: LNG | D72: 0.1 | E72: 0.1 | F72: 0.1 | G72: 0.1 | H72: 0.1 | I72: 0.1 | J72: 0.1
B73: BC | C73: HFO | D73: 0.26 | E73: 0.27 | F73: 0.27 | G73: 0.26 | H73: 0.26 | I73: 0.26 | J73: 0.26
C74: MDO | D74: 0.43 | E74: 0.43 | F74: 0.43 | G74: 0.37 | H74: 0.37 | I74: 0.37 | J74: 0.38
C75: LNG | D75: 0.019 | E75: 0.019 | F75: 0.019 | G75: 0.019 | H75: 0.019 | I75: 0.019 | J75: 0.019
C78: Poluente (kg /t combustível) - base 2018
B79: Tipo | C79: CO2 | D79: CH4 | E79: N2O | F79: NOx | G79: CO | H79: NMVOC | I79: SOx | J79: PM | K79: PM2.5 | L79: BC | M79: Density (kg/l)
B80: VLSFO | C80: 3114 | D80: 0.05 | E80: 0.18 | F80: 75.9 | G80: 2.88 | H80: 3.2 | I80: 50.83 | J80: 7.55 | K80: 6.94 | L80: 0.26
B81: MDO | C81: ='Fatores Emissao (2)'!J47 -> 3206 | D81: ='Fatores Emissao (2)'!J50 -> 0.05 | E81: ='Fatores Emissao (2)'!J53 -> 0.18 | F81: ='Fatores Emissao (2)'!J56 -> 56.71 | G81: ='Fatores Emissao (2)'!J59 -> 2.59 | H81: ='Fatores Emissao (2)'!J62 -> 2.4 | I81: ='Fatores Emissao (2)'!J65 -> 1.37 | J81: ='Fatores Emissao (2)'!J68 -> 0.9 | K81: ='Fatores Emissao (2)'!J71 -> 0.83 | L81: ='Fatores Emissao (2)'!J74 -> 0.38 | M81: 0.877
B82: LNG | C82: =J48 -> 2750 | D82: =J51 -> 11.96 | E82: =J54 -> 0.1 | F82: =J57 -> 13.44 | G82: =J60 -> 3.97 | H82: =J63 -> 1.59 | I82: =J66 -> 0.03 | J82: =J69 -> 0.11 | K82: =J72 -> 0.1 | L82: =J75 -> 0.019
B83: Methanol | C83: 1375 | D83: 0 | E83: 0
B85: Gás Comprimido
B86: EPA - GHG Emission Factors Hub
C88: CO2 | D88: CH4 | E88: N2O | G88: https://www.epa.gov/system/files/documents/2022-04/ghg_emission_factors_hub.pdf
B89: Tipo | C89: kg/km | D89: (g/km) | E89: (g/km)
B90: CNG - GNV | C90: =550/1000 -> 0.55 | D90: 3.7 | E90: 0.001
B93: Biodiesel
B94: EPA - GHG Emission Factors Hub
C96: CO2 | D96: CH4 | E96: N2O | G96: https://www.epa.gov/system/files/documents/2022-04/ghg_emission_factors_hub.pdf
B97: Tipo | C97: kg/km | D97: (g/km) | E97: (g/km)
B98: Biodiesel | C98: =H101 -> 0.69345196 | D98: =H103 -> 0.0055923546 | E98: =H105 -> 0.026719028 | G98: 1 mile | H98: 1.60934 | I98: km | K98: CO2 | L98: 9.45 | M98: kg/gallon
G99: 1 Gallon | H99: 3.78541 | I99: l | K99: CH4 | L99: 0.57 | M99: g/gallon
C100: CO2 | D100: CH4 | E100: N2O | G100: Autonomia | H100: 3.6 | I100: km/l | K100: N2O | L100: 0.26 | M100: g/gallon
B101: Tipo | C101: kg/t | D101: (kg/t) | E101: (kg/t) | G101: CO2 | H101: =L98/H100/H99 -> 0.69345196 | I101: kg/km | K101: Density | L101: 0.88 | M101: kg/l
B102: Biodiesel | C102: =L98/H99/L101*1000 -> 2836.8489 | D102: =L99/H99/L101 -> 0.17111152 | E102: =L100/H99/L101 -> 0.07805087 | G102: CH4 | H102: 0.009 | I102: g/mile
G103: CH4 | H103: =H102/H98 -> 0.0055923546 | I103: g/km
C104: CO2 | D104: CH4 | E104: N2O | G104: N2O | H104: 0.043 | I104: g/mile
B105: Tipo | C105: kg/l | D105: g/l | E105: g/l | G105: N2O | H105: =H104/H98 -> 0.026719028 | I105: g/km
B106: Biodiesel | C106: =L98/H99 -> 2.4964271 | D106: =L99/H99 -> 0.15057814 | E106: =L100/H99 -> 0.068684766
B109: Calorific Values
B111: Tipo | C111: kJ/g
B112: VLSFO | C112: 41
B113: MDO | C113: 44
B114: Diesel | C114: 42.63
B115: Biodiesel | C115: 40
B116: LNG | C116: 48 | D116: MEPC.281(70)
B117: Methanol | C117: 19.9 | D117: MEPC.281(70)

Sheet Cenarios
C3: Modal | D3: Base | E3: Cenário 1 | F3: Cenário 2 | G3: Cenário 3 | H3: Cenário 4
C4: Rodoviário Direto
C5: Modal Rodoviário | D5: Diesel | E5: GNV | F5: HVO | G5: GNV | H5: GNV
C6: Modal Hidroviário | D6: IFO | E6: IFO | F6: HVO | G6: HVO | H6: HVO
C7: Cabotagem
C8: Rodoviário Cabotagem | D8: Diesel | E8: GNV | F8: HVO | G8: GNV | H8: GNV
C9: Depot | D9: Diesel | E9: Diesel | F9: HVO | G9: HVO | H9: HVO
C10: Terminal de Contêineres | D10: Diesel | E10: Diesel | F10: HVO | G10: HVO | H10: HVO
C11: Consumo Combustíveis no Porto | D11: MDO | E11: MDO | F11: HVO | G11: LNG | H11: Metanol
C12: Praticagem e Rebocador | D12: MDO | E12: MDO | F12: HVO | G12: HVO | H12: HVO
C13: Consumo Combustíveis em Viagem | D13: VLSFO + MDO | E13: VLSFO + MDO | F13: VLSFO + HVO | G13: LNG | H13: Metanol
D15: Emissões semanais CO2e (kg)
C16: Modal | D16: Base | E16: Cenário 1 | F16: Cenário 2 | G16: Cenário 3 | H16: Cenário 4
C17: Rodoviário Direto | D17: =SUM(D18:D19) -> 7614970.5 | E17: =SUM(E18:E19) -> 6981469.6 | F17: =SUM(F18:F19) -> 7185135 | G17: =SUM(G18:G19) -> 6798985.3 | H17: =SUM(H18:H19) -> 6798985.3
C18: Modal Rodoviário | D18: ='Rodo Direto Base'!I79 -> 6025805.9 | E18: ='Rodo Direto C1'!I79 -> 5392305 | F18: ='Rodo Direto C2'!I79 -> 5778454.7 | G18: =E18 -> 5392305 | H18: =E18 -> 5392305 | L18: =E18/E17 -> 0.77237392 | M18: =F18/F17 -> 0.80422354 | N18: =G18/G17 -> 0.79310438 | O18: =H18/H17 -> 0.79310438
C19: Modal Hidroviário | D19: ='Hidroviario Base C1'!I79 -> 1589164.6 | E19: =D19 -> 1589164.6 | F19: ='Hidroviario C2'!I79 -> 1406680.3 | G19: =F19 -> 1406680.3 | H19: =G19 -> 1406680.3 | L19: =1-L18 -> 0.22762608 | M19: =1-M18 -> 0.19577646 | N19: =1-N18 -> 0.20689562 | O19: =1-O18 -> 0.20689562
C20: Cabotagem | D20: =SUM(D21:D26) -> 4159789.5 | E20: =SUM(E21:E26) -> 4103280.4 | F20: =SUM(F21:F26) -> 4121218 | G20: =SUM(G21:G26) -> 3592099.2 | H20: =SUM(H21:H26) -> 3787436
C21: Rodoviário Cabotagem | D21: ='Rodo Cabotagem Base'!I78 -> 537508.85 | E21: ='Rodo Cabotagem C1'!I78 -> 480999.83 | F21: ='Rodo Cabotagem C2'!I78 -> 515444.83 | G21: =$E$21 -> 480999.83 | H21: =$E$21 -> 480999.83
C22: Depot | D22: ='Depot Base C1'!I88 -> 19272.362 | E22: =D22 -> 19272.362 | F22: ='Depot C2'!I88 -> 18374.706 | G22: =$F$22 -> 18374.706 | H22: =$F$22 -> 18374.706
C23: Terminal de Contêineres | D23: ='TC Total'!C14 -> 67902.954 | E23: =D23 -> 67902.954 | F23: ='TC Total'!C28 -> 64740.215 | G23: =$F$23 -> 64740.215 | H23: =$F$23 -> 64740.215
C24: Consumo Combustíveis no Porto | D24: ='Navio Porto Base C1'!C203 -> 60674.461 | E24: =D24 -> 60674.461 | F24: ='Navio Porto C2'!C202 -> 56954.521 | G24: ='Navio Porto C3'!C202 -> 51591.872 | H24: ='Navio Porto C4'!C202 -> 54994.479
C25: Praticagem e Rebocador | D25: ='Praticagem e Rebocador Base C1'!C130 -> 68351.892 | E25: =D25 -> 68351.892 | F25: ='Praticagem e Rebocador C2'!C130 -> 66199.313 | G25: =$F$25 -> 66199.313 | H25: =$F$25 -> 66199.313
C26: Consumo Combustíveis em Viagem | D26: ='Navio Viagem Base C1'!C199 -> 3406078.9 | E26: =D26 -> 3406078.9 | F26: ='Navio Viagem C2'!C199 -> 3399504.4 | G26: ='Navio Viagem C3'!C198 -> 2910193.3 | H26: ='Navio Viagem C4'!C198 -> 3102127.4
D27: =D22+D23+D25 -> 155527.21 | G27: =G22+G23+G25 -> 149314.23
C28: Dif Cabotagem x Rodoviário Direto | D28: =D20/D17-1 -> -0.45373532 | E28: =E20/E17-1 -> -0.41226121 | F28: =F20/F17-1 -> -0.42642442 | G28: =G20/G17-1 -> -0.47167128 | H28: =H20/H17-1 -> -0.44294099
D31: Emissões semanais CO2e (kg)
C32: Modal | D32: Base Rodoviário | E32: Base Cabotagem | F32: Cenário 1 Rodoviário | G32: Cenário 1 Cabotagem | H32: Cenário 2 Rodoviário | I32: Cenário 2 Cabotagem | J32: Cenário 3 Rodoviário | K32: Cenário 3 Cabotagem | L32: Cenário 4 Rodoviário | M32: Cenário 4 Cabotagem
C33: Rodoviário Direto | D33: =D17 -> 7614970.5 | F33: =E17 -> 6981469.6 | H33: =F17 -> 7185135 | J33: =G17 -> 6798985.3 | L33: =H17 -> 6798985.3
C34: Modal Rodoviário | D34: =D18 -> 6025805.9 | F34: =E18 -> 5392305 | H34: =F18 -> 5778454.7 | J34: =G18 -> 5392305 | L34: =H18 -> 5392305
C35: Modal Hidroviário | D35: =D19 -> 1589164.6 | F35: =E19 -> 1589164.6 | H35: =F19 -> 1406680.3 | J35: =G19 -> 1406680.3 | L35: =H19 -> 1406680.3
C36: Cabotagem | E36: =E20 -> 4103280.4 | G36: =E20 -> 4103280.4 | I36: =F20 -> 4121218 | K36: =G20 -> 3592099.2 | M36: =H20 -> 3787436
C37: Consumo Combustíveis em Viagem | E37: =E26 -> 3406078.9 | G37: =E26 -> 3406078.9 | I37: =F26 -> 3399504.4 | K37: =G26 -> 2910193.3 | M37: =H26 -> 3102127.4
C38: Rodoviário Cabotagem | E38: =E21 -> 480999.83 | G38: =E21 -> 480999.83 | I38: =F21 -> 515444.83 | K38: =G21 -> 480999.83 | M38: =H21 -> 480999.83
C39: Praticagem e Rebocador | E39: =E25 -> 68351.892 | G39: =E25 -> 68351.892 | I39: =F25 -> 66199.313 | K39: =G25 -> 66199.313 | M39: =H25 -> 66199.313
C40: Terminal de Contêineres | E40: =E23 -> 67902.954 | G40: =E23 -> 67902.954 | I40: =F23 -> 64740.215 | K40: =G23 -> 64740.215 | M40: =H23 -> 64740.215
C41: Consumo Combustíveis no Porto | E41: =E24 -> 60674.461 | G41: =E24 -> 60674.461 | I41: =F24 -> 56954.521 | K41: =G24 -> 51591.872 | M41: =H24 -> 54994.479
C42: Depot | E42: =E22 -> 19272.362 | G42: =E22 -> 19272.362 | I42: =F22 -> 18374.706 | K42: =G22 -> 18374.706 | M42: =H22 -> 18374.706

Sheet Resumo Cenario Base
B2: Emissão Total de CO2e no Modal Rodoviário Direto por Contêiner (kg/contêiner) | J2: Emissão Semanal de CO2e do Modal Rodoviário Direto no Cenário Base (kg) | U2: Participação das Cidades na Emissão de CO2e do Modal Rodoviário no Cenário Base (%)
B3: Origem / Destino | C3: Manaus | D3: Fortaleza | E3: Recife | F3: Salvador | G3: Rio de Janeiro | H3: São Paulo | J3: Origem / Destino | K3: Manaus | L3: Fortaleza | M3: Recife | N3: Salvador | O3: Rio de Janeiro | P3: São Paulo | Q3: Total Origem CO2e (kg) | U3: Origem / Destino | V3: Manaus | W3: Fortaleza | X3: Recife | Y3: Salvador | Z3: Rio de Janeiro | AA3: São Paulo | AB3: Total Origem
B4: Manaus (via Belém) | C4: ='Rodo Direto Base'!C94+'Hidroviario Base C1'!C94 -> 0 | D4: ='Rodo Direto Base'!D94+'Hidroviario Base C1'!D94 -> 1733.8882 | E4: ='Rodo Direto Base'!E94+'Hidroviario Base C1'!E94 -> 2113.1125 | F4: ='Rodo Direto Base'!F94+'Hidroviario Base C1'!F94 -> 0 | G4: ='Rodo Direto Base'!G94+'Hidroviario Base C1'!G94 -> 2902.2497 | H4: ='Rodo Direto Base'!H94+'Hidroviario Base C1'!H94 -> 2744.4223 | J4: Manaus | K4: =C4*'Movimentacao de Conteineres'!K30 -> 0 | L4: =D4*'Movimentacao de Conteineres'!L30 -> 303430.43 | M4: =E4*'Movimentacao de Conteineres'!M30 -> 329645.54 | N4: =F4*'Movimentacao de Conteineres'!N30 -> 0 | O4: =G4*'Movimentacao de Conteineres'!O30 -> 655908.43 | P4: =H4*'Movimentacao de Conteineres'!P30 -> 1778385.6 | Q4: =SUM(K4:P4) -> 3067370 | U4: Manaus | W4: =L4/$Q$10 -> 0.039846567 | X4: =M4/$Q$10 -> 0.043289143 | Z4: =O4/$Q$10 -> 0.086134074 | AA4: =P4/$Q$10 -> 0.23353808 | AB4: =Q4/$Q$10 -> 0.40280787
B5: Fortaleza | C5: ='Rodo Direto Base'!C95+'Hidroviario Base C1'!C95 -> 1982.3116 | D5: ='Rodo Direto Base'!D95+'Hidroviario Base C1'!D95 -> 0 | E5: ='Rodo Direto Base'!E95+'Hidroviario Base C1'!E95 -> 0 | F5: ='Rodo Direto Base'!F95+'Hidroviario Base C1'!F95 -> 0 | G5: ='Rodo Direto Base'!G95+'Hidroviario Base C1'!G95 -> 1886.6226 | H5: ='Rodo Direto Base'!H95+'Hidroviario Base C1'!H95 -> 2254.1559 | J5: Fortaleza | K5: =C5*'Movimentacao de Conteineres'!K31 -> 515401.01 | L5: =D5*'Movimentacao de Conteineres'!L31 -> 0 | M5: =E5*'Movimentacao de Conteineres'!M31 -> 0 | N5: =F5*'Movimentacao de Conteineres'!N31 -> 0 | O5: =G5*'Movimentacao de Conteineres'!O31 -> 37732.451 | P5: =H5*'Movimentacao de Conteineres'!P31 -> 306565.2 | Q5: =SUM(K5:P5) -> 859698.67 | U5: Fortaleza | V5: =K5/$Q$10 -> 0.067682601 | Z5: =O5/$Q$10 -> 0.0049550357 | AA5: =P5/$Q$10 -> 0.040258226 | AB5: =Q5/$Q$10 -> 0.11289586
B6: Recife | C6: ='Rodo Direto Base'!C96+'Hidroviario Base C1'!C96 -> 2361.5359 | D6: ='Rodo Direto Base'!D96+'Hidroviario Base C1'!D96 -> 0 | E6: ='Rodo Direto Base'!E96+'Hidroviario Base C1'!E96 -> 0 | F6: ='Rodo Direto Base'!F96+'Hidroviario Base C1'!F96 -> 0 | G6: ='Rodo Direto Base'!G96+'Hidroviario Base C1'!G96 -> 1695.1837 | H6: ='Rodo Direto Base'!H96+'Hidroviario Base C1'!H96 -> 1934.8476 | J6: Recife | K6: =C6*'Movimentacao de Conteineres'!K32 -> 781668.37 | L6: =D6*'Movimentacao de Conteineres'!L32 -> 0 | M6: =E6*'Movimentacao de Conteineres'!M32 -> 0 | N6: =F6*'Movimentacao de Conteineres'!N32 -> 0 | O6: =G6*'Movimentacao de Conteineres'!O32 -> 50855.511 | P6: =H6*'Movimentacao de Conteineres'!P32 -> 112221.16 | Q6: =SUM(K6:P6) -> 944745.05 | U6: Recife | V6: =K6/$Q$10 -> 0.1026489 | Z6: =O6/$Q$10 -> 0.0066783596 | AA6: =P6/$Q$10 -> 0.014736913 | AB6: =Q6/$Q$10 -> 0.12406418
B7: Salvador | C7: ='Rodo Direto Base'!C97+'Hidroviario Base C1'!C97 -> 2381.2643 | D7: ='Rodo Direto Base'!D97+'Hidroviario Base C1'!D97 -> 864.39755 | E7: ='Rodo Direto Base'!E97+'Hidroviario Base C1'!E97 -> 618.88819 | F7: ='Rodo Direto Base'!F97+'Hidroviario Base C1'!F97 -> 0 | G7: ='Rodo Direto Base'!G97+'Hidroviario Base C1'!G97 -> 0 | H7: ='Rodo Direto Base'!H97+'Hidroviario Base C1'!H97 -> 0 | J7: Salvador | K7: =C7*'Movimentacao de Conteineres'!K33 -> 204788.73 | L7: =D7*'Movimentacao de Conteineres'!L33 -> 7779.578 | M7: =E7*'Movimentacao de Conteineres'!M33 -> 618.88819 | N7: =F7*'Movimentacao de Conteineres'!N33 -> 0 | O7: =G7*'Movimentacao de Conteineres'!O33 -> 0 | P7: =H7*'Movimentacao de Conteineres'!P33 -> 0 | Q7: =SUM(K7:P7) -> 213187.2 | U7: Salvador | V7: =K7/$Q$10 -> 0.026892912 | W7: =L7/$Q$10 -> 0.0010216163 | AB7: =Q7/$Q$10 -> 0.027995801
B8: Rio de Janeiro | C8: ='Rodo Direto Base'!C98+'Hidroviario Base C1'!C98 -> 3150.6731 | D8: ='Rodo Direto Base'!D98+'Hidroviario Base C1'!D98 -> 1886.6226 | E8: ='Rodo Direto Base'!E98+'Hidroviario Base C1'!E98 -> 1695.1837 | F8: ='Rodo Direto Base'!F98+'Hidroviario Base C1'!F98 -> 1193.2047 | G8: ='Rodo Direto Base'!G98+'Hidroviario Base C1'!G98 -> 0 | H8: ='Rodo Direto Base'!H98+'Hidroviario Base C1'!H98 -> 0 | J8: Rio de Janeiro | K8: =C8*'Movimentacao de Conteineres'!K34 -> 192191.06 | L8: =D8*'Movimentacao de Conteineres'!L34 -> 226394.71 | M8: =E8*'Movimentacao de Conteineres'!M34 -> 201726.86 | N8: =F8*'Movimentacao de Conteineres'!N34 -> 56080.623 | O8: =G8*'Movimentacao de Conteineres'!O34 -> 0 | P8: =H8*'Movimentacao de Conteineres'!P34 -> 0 | Q8: =SUM(K8:P8) -> 676393.25 | U8: Rio de Janeiro | V8: =K8/$Q$10 -> 0.025238582 | W8: =L8/$Q$10 -> 0.029730214 | X8: =M8/$Q$10 -> 0.026490826 | Y8: =N8/$Q$10 -> 0.0073645226 | AB8: =Q8/$Q$10 -> 0.088824146
B9: São Paulo | C9: ='Rodo Direto Base'!C99+'Hidroviario Base C1'!C99 -> 2992.8457 | D9: ='Rodo Direto Base'!D99+'Hidroviario Base C1'!D99 -> 2254.1559 | E9: ='Rodo Direto Base'!E99+'Hidroviario Base C1'!E99 -> 1934.8476 | F9: ='Rodo Direto Base'!F99+'Hidroviario Base C1'!F99 -> 1409.4868 | G9: ='Rodo Direto Base'!G99+'Hidroviario Base C1'!G99 -> 0 | H9: ='Rodo Direto Base'!H99+'Hidroviario Base C1'!H99 -> 0 | J9: São Paulo | K9: =C9*'Movimentacao de Conteineres'!K35 -> 685361.66 | L9: =D9*'Movimentacao de Conteineres'!L35 -> 498168.46 | M9: =E9*'Movimentacao de Conteineres'!M35 -> 526278.55 | N9: =F9*'Movimentacao de Conteineres'!N35 -> 143767.65 | O9: =G9*'Movimentacao de Conteineres'!O35 -> 0 | P9: =H9*'Movimentacao de Conteineres'!P35 -> 0 | Q9: =SUM(K9:P9) -> 1853576.3 | U9: São Paulo | V9: =K9/$Q$10 -> 0.090001879 | W9: =L9/$Q$10 -> 0.065419617 | X9: =M9/$Q$10 -> 0.069111042 | Y9: =N9/$Q$10 -> 0.018879607 | AB9: =Q9/$Q$10 -> 0.24341215
J10: Total Destino CO2e (kg) | K10: =SUM(K4:K9) -> 2379410.8 | L10: =SUM(L4:L9) -> 1035773.2 | M10: =SUM(M4:M9) -> 1058269.8 | N10: =SUM(N4:N9) -> 199848.28 | O10: =SUM(O4:O9) -> 744496.4 | P10: =SUM(P4:P9) -> 2197172 | Q10: =SUM(Q4:Q9) -> 7614970.5 | S10: =Q10*52 -> 3.9597847e+08 | U10: Total Destino | V10: =K10/$Q$10 -> 0.31246488 | W10: =L10/$Q$10 -> 0.13601802 | X10: =M10/$Q$10 -> 0.13897228 | Y10: =N10/$Q$10 -> 0.02624413 | Z10: =O10/$Q$10 -> 0.097767469 | AA10: =P10/$Q$10 -> 0.28853322 | AB10: =Q10/$Q$10 -> 1
B12: Emissão de CO2e na Cabotagem por Contêiner (kg/contêiner) | J12: Emissão de CO2e da Cabotagem no Cenário Base (kg)
B13: Origem / Destino | C13: Manaus | D13: Fortaleza | E13: Recife | F13: Salvador | G13: Rio de Janeiro | H13: São Paulo | J13: Origem / Destino | K13: Manaus | L13: Fortaleza | M13: Recife | N13: Salvador | O13: Rio de Janeiro | P13: São Paulo | Q13: Total Origem CO2e (kg)
B14: Manaus | C14: ='Cabotagem Total Base'!C6 -> 0 | D14: ='Cabotagem Total Base'!D6 -> 751.57745 | E14: ='Cabotagem Total Base'!E6 -> 960.15091 | F14: ='Cabotagem Total Base'!F6 -> 0 | G14: ='Cabotagem Total Base'!G6 -> 1705.8307 | H14: ='Cabotagem Total Base'!H6 -> 1639.4123 | J14: Manaus | K14: =C14*'Movimentacao de Conteineres'!K30 -> 0 | L14: =D14*'Movimentacao de Conteineres'!L30 -> 131526.05 | M14: =E14*'Movimentacao de Conteineres'!M30 -> 149783.54 | N14: =F14*'Movimentacao de Conteineres'!N30 -> 0 | O14: =G14*'Movimentacao de Conteineres'!O30 -> 385517.73 | P14: =H14*'Movimentacao de Conteineres'!P30 -> 1062339.2 | Q14: =SUM(K14:P14) -> 1729166.5
B15: Fortaleza | C15: ='Cabotagem Total Base'!C7 -> 1019.4831 | D15: ='Cabotagem Total Base'!D7 -> 0 | E15: ='Cabotagem Total Base'!E7 -> 0 | F15: ='Cabotagem Total Base'!F7 -> 0 | G15: ='Cabotagem Total Base'!G7 -> 1151.7539 | H15: ='Cabotagem Total Base'!H7 -> 1085.3355 | J15: Fortaleza | K15: =C15*'Movimentacao de Conteineres'!K31 -> 265065.59 | L15: =D15*'Movimentacao de Conteineres'!L31 -> 0 | M15: =E15*'Movimentacao de Conteineres'!M31 -> 0 | N15: =F15*'Movimentacao de Conteineres'!N31 -> 0 | O15: =G15*'Movimentacao de Conteineres'!O31 -> 23035.078 | P15: =H15*'Movimentacao de Conteineres'!P31 -> 147605.63 | Q15: =SUM(K15:P15) -> 435706.3
B16: Recife | C16: ='Cabotagem Total Base'!C8 -> 1255.8619 | D16: ='Cabotagem Total Base'!D8 -> 0 | E16: ='Cabotagem Total Base'!E8 -> 0 | F16: ='Cabotagem Total Base'!F8 -> 0 | G16: ='Cabotagem Total Base'!G8 -> 943.56779 | H16: ='Cabotagem Total Base'!H8 -> 877.14942 | J16: Recife | K16: =C16*'Movimentacao de Conteineres'!K32 -> 415690.28 | L16: =D16*'Movimentacao de Conteineres'!L32 -> 0 | M16: =E16*'Movimentacao de Conteineres'!M32 -> 0 | N16: =F16*'Movimentacao de Conteineres'!N32 -> 0 | O16: =G16*'Movimentacao de Conteineres'!O32 -> 28307.034 | P16: =H16*'Movimentacao de Conteineres'!P32 -> 50874.666 | Q16: =SUM(K16:P16) -> 494871.98
B17: Salvador | C17: ='Cabotagem Total Base'!C9 -> 1387.6723 | D17: ='Cabotagem Total Base'!D9 -> 567.27131 | E17: ='Cabotagem Total Base'!E9 -> 334.54948 | F17: ='Cabotagem Total Base'!F9 -> 0 | G17: ='Cabotagem Total Base'!G9 -> 0 | H17: ='Cabotagem Total Base'!H9 -> 0 | J17: Salvador | K17: =C17*'Movimentacao de Conteineres'!K33 -> 119339.82 | L17: =D17*'Movimentacao de Conteineres'!L33 -> 5105.4418 | M17: =E17*'Movimentacao de Conteineres'!M33 -> 334.54948 | N17: =F17*'Movimentacao de Conteineres'!N33 -> 0 | O17: =G17*'Movimentacao de Conteineres'!O33 -> 0 | P17: =H17*'Movimentacao de Conteineres'!P33 -> 0 | Q17: =SUM(K17:P17) -> 124779.81
B18: Rio de Janeiro | C18: ='Cabotagem Total Base'!C10 -> 1863.4901 | D18: ='Cabotagem Total Base'!D10 -> 1043.0891 | E18: ='Cabotagem Total Base'!E10 -> 810.36728 | F18: ='Cabotagem Total Base'!F10 -> 560.73522 | G18: ='Cabotagem Total Base'!G10 -> 0 | H18: ='Cabotagem Total Base'!H10 -> 0 | J18: Rio de Janeiro | K18: =C18*'Movimentacao de Conteineres'!K34 -> 113672.9 | L18: =D18*'Movimentacao de Conteineres'!L34 -> 125170.69 | M18: =E18*'Movimentacao de Conteineres'!M34 -> 96433.706 | N18: =F18*'Movimentacao de Conteineres'!N34 -> 26354.555 | O18: =G18*'Movimentacao de Conteineres'!O34 -> 0 | P18: =H18*'Movimentacao de Conteineres'!P34 -> 0 | Q18: =SUM(K18:P18) -> 361631.85
B19: São Paulo | C19: ='Cabotagem Total Base'!C11 -> 1959.068 | D19: ='Cabotagem Total Base'!D11 -> 1138.667 | E19: ='Cabotagem Total Base'!E11 -> 905.94521 | F19: ='Cabotagem Total Base'!F11 -> 656.31315 | G19: ='Cabotagem Total Base'!G11 -> 0 | H19: ='Cabotagem Total Base'!H11 -> 0 | J19: São Paulo | K19: =C19*'Movimentacao de Conteineres'!K35 -> 448626.58 | L19: =D19*'Movimentacao de Conteineres'!L35 -> 251645.42 | M19: =E19*'Movimentacao de Conteineres'!M35 -> 246417.1 | N19: =F19*'Movimentacao de Conteineres'!N35 -> 66943.941 | O19: =G19*'Movimentacao de Conteineres'!O35 -> 0 | P19: =H19*'Movimentacao de Conteineres'!P35 -> 0 | Q19: =SUM(K19:P19) -> 1013633
J20: Total Destino CO2e (kg) | K20: =SUM(K14:K19) -> 1362395.2 | L20: =SUM(L14:L19) -> 513447.6 | M20: =SUM(M14:M19) -> 492968.89 | N20: =SUM(N14:N19) -> 93298.497 | O20: =SUM(O14:O19) -> 436859.84 | P20: =SUM(P14:P19) -> 1260819.5 | Q20: =SUM(Q14:Q19) -> 4159789.5
B22: Diferença de Emissão de CO2e entre Cabotagem e Rodoviário Direto por Contêiner (kg/contêiner) | J22: Diferença de Emissão de CO2e entre Cabotagem e Rodoviário Direto (kg)
B23: Origem / Destino | C23: Manaus | D23: Fortaleza | E23: Recife | F23: Salvador | G23: Rio de Janeiro | H23: São Paulo | J23: Origem / Destino | K23: Manaus | L23: Fortaleza | M23: Recife | N23: Salvador | O23: Rio de Janeiro | P23: São Paulo | Q23: Total Origem CO2e (kg)
B24: Manaus | C24: =C14-C4 -> 0 | D24: =D14-D4 -> -982.31073 | E24: =E14-E4 -> -1152.9616 | F24: =F14-F4 -> 0 | G24: =G14-G4 -> -1196.4191 | H24: =H14-H4 -> -1105.01 | J24: Manaus | K24: =K14-K4 -> 0 | L24: =L14-L4 -> -171904.38 | M24: =M14-M4 -> -179862 | N24: =N14-N4 -> 0 | O24: =O14-O4 -> -270390.71 | P24: =P14-P4 -> -716046.46 | Q24: =SUM(K24:P24) -> -1338203.5
B25: Fortaleza | C25: =C15-C5 -> -962.82854 | D25: =D15-D5 -> 0 | E25: =E15-E5 -> 0 | F25: =F15-F5 -> 0 | G25: =G15-G5 -> -734.86866 | H25: =H15-H5 -> -1168.8204 | J25: Fortaleza | K25: =K15-K5 -> -250335.42 | L25: =L15-L5 -> 0 | M25: =M15-M5 -> 0 | N25: =N15-N5 -> 0 | O25: =O15-O5 -> -14697.373 | P25: =P15-P5 -> -158959.57 | Q25: =SUM(K25:P25) -> -423992.37
B26: Recife | C26: =C16-C6 -> -1105.674 | D26: =D16-D6 -> 0 | E26: =E16-E6 -> 0 | F26: =F16-F6 -> 0 | G26: =G16-G6 -> -751.61592 | H26: =H16-H6 -> -1057.6982 | J26: Recife | K26: =K16-K6 -> -365978.09 | L26: =L16-L6 -> 0 | M26: =M16-M6 -> 0 | N26: =N16-N6 -> 0 | O26: =O16-O6 -> -22548.478 | P26: =P16-P6 -> -61346.495 | Q26: =SUM(K26:P26) -> -449873.07
B27: Salvador | C27: =C17-C7 -> -993.59201 | D27: =D17-D7 -> -297.12624 | E27: =E17-E7 -> -284.33871 | F27: =F17-F7 -> 0 | G27: =G17-G7 -> 0 | H27: =H17-H7 -> 0 | J27: Salvador | K27: =K17-K7 -> -85448.913 | L27: =L17-L7 -> -2674.1362 | M27: =M17-M7 -> -284.33871 | N27: =N17-N7 -> 0 | O27: =O17-O7 -> 0 | P27: =P17-P7 -> 0 | Q27: =SUM(K27:P27) -> -88407.388
B28: Rio de Janeiro | C28: =C18-C8 -> -1287.183 | D28: =D18-D8 -> -843.53344 | E28: =E18-E8 -> -884.81643 | F28: =F18-F8 -> -632.46952 | G28: =G18-G8 -> 0 | H28: =H18-H8 -> 0 | J28: Rio de Janeiro | K28: =K18-K8 -> -78518.164 | L28: =L18-L8 -> -101224.01 | M28: =M18-M8 -> -105293.16 | N28: =N18-N8 -> -29726.067 | O28: =O18-O8 -> 0 | P28: =P18-P8 -> 0 | Q28: =SUM(K28:P28) -> -314761.4
B29: São Paulo | C29: =C19-C9 -> -1033.7776 | D29: =D19-D9 -> -1115.4889 | E29: =E19-E9 -> -1028.9024 | F29: =F19-F9 -> -753.17364 | G29: =G19-G9 -> 0 | H29: =H19-H9 -> 0 | J29: São Paulo | K29: =K19-K9 -> -236735.08 | L29: =L19-L9 -> -246523.04 | M29: =M19-M9 -> -279861.45 | N29: =N19-N9 -> -76823.712 | O29: =O19-O9 -> 0 | P29: =P19-P9 -> 0 | Q29: =SUM(K29:P29) -> -839943.29
J30: Total Destino CO2e (kg) | K30: =SUM(K24:K29) -> -1017015.7 | L30: =SUM(L24:L29) -> -522325.57 | M30: =SUM(M24:M29) -> -565300.95 | N30: =SUM(N24:N29) -> -106549.78 | O30: =SUM(O24:O29) -> -307636.56 | P30: =SUM(P24:P29) -> -936352.53 | Q30: =SUM(Q24:Q29) -> -3455181.1
B32: % Redução da Emissão de CO2e da Cabotagem em relação ao Rodoviário Direto por contêiner | J32: % Redução da Emissão de CO2e da Cabotagem em relação ao Modal Rodoviário
B33: Origem / Destino | C33: Manaus | D33: Fortaleza | E33: Recife | F33: Salvador | G33: Rio de Janeiro | H33: São Paulo | J33: Origem / Destino | K33: Manaus | L33: Fortaleza | M33: Recife | N33: Salvador | O33: Rio de Janeiro | P33: São Paulo | Q33: Total Origem CO2e (kg)
B34: Manaus | C34: =IF(C4=0,0,C14/C4-1) -> 0 | D34: =IF(D4=0,0,D14/D4-1) -> -0.56653638 | E34: =IF(E4=0,0,E14/E4-1) -> -0.54562243 | F34: =IF(F4=0,0,F14/F4-1) -> 0 | G34: =IF(G4=0,0,G14/G4-1) -> -0.4122385 | H34: =IF(H4=0,0,H14/H4-1) -> -0.40263847 | J34: Manaus | K34: =IF(K4=0,0,K14/K4-1) -> 0 | L34: =IF(L4=0,0,L14/L4-1) -> -0.56653638 | M34: =IF(M4=0,0,M14/M4-1) -> -0.54562243 | N34: =IF(N4=0,0,N14/N4-1) -> 0 | O34: =IF(O4=0,0,O14/O4-1) -> -0.4122385 | P34: =IF(P4=0,0,P14/P4-1) -> -0.40263847 | Q34: =IF(Q4=0,0,Q14/Q4-1) -> -0.43627066
B35: Fortaleza | C35: =IF(C5=0,0,C15/C5-1) -> -0.48570999 | D35: =IF(D5=0,0,D15/D5-1) -> 0 | E35: =IF(E5=0,0,E15/E5-1) -> 0 | F35: =IF(F5=0,0,F15/F5-1) -> 0 | G35: =IF(G5=0,0,G15/G5-1) -> -0.38951547 | H35: =IF(H5=0,0,H15/H5-1) -> -0.51851799 | J35: Fortaleza | K35: =IF(K5=0,0,K15/K5-1) -> -0.48570999 | L35: =IF(L5=0,0,L15/L5-1) -> 0 | M35: =IF(M5=0,0,M15/M5-1) -> 0 | N35: =IF(N5=0,0,N15/N5-1) -> 0 | O35: =IF(O5=0,0,O15/O5-1) -> -0.38951547 | P35: =IF(P5=0,0,P15/P5-1) -> -0.51851799 | Q35: =IF(Q5=0,0,Q15/Q5-1) -> -0.49318718
B36: Recife | C36: =IF(C6=0,0,C16/C6-1) -> -0.46820123 | D36: =IF(D6=0,0,D16/D6-1) -> 0 | E36: =IF(E6=0,0,E16/E6-1) -> 0 | F36: =IF(F6=0,0,F16/F6-1) -> 0 | G36: =IF(G6=0,0,G16/G6-1) -> -0.44338317 | H36: =IF(H6=0,0,H16/H6-1) -> -0.5466571 | J36: Recife | K36: =IF(K6=0,0,K16/K6-1) -> -0.46820123 | L36: =IF(L6=0,0,L16/L6-1) -> 0 | M36: =IF(M6=0,0,M16/M6-1) -> 0 | N36: =IF(N6=0,0,N16/N6-1) -> 0 | O36: =IF(O6=0,0,O16/O6-1) -> -0.44338317 | P36: =IF(P6=0,0,P16/P6-1) -> -0.5466571 | Q36: =IF(Q6=0,0,Q16/Q6-1) -> -0.47618463
B37: Salvador | C37: =IF(C7=0,0,C17/C7-1) -> -0.41725398 | D37: =IF(D7=0,0,D17/D7-1) -> -0.34373795 | E37: =IF(E7=0,0,E17/E7-1) -> -0.45943471 | F37: =IF(F7=0,0,F17/F7-1) -> 0 | G37: =IF(G7=0,0,G17/G7-1) -> 0 | H37: =IF(H7=0,0,H17/H7-1) -> 0 | J37: Salvador | K37: =IF(K7=0,0,K17/K7-1) -> -0.41725398 | L37: =IF(L7=0,0,L17/L7-1) -> -0.34373795 | M37: =IF(M7=0,0,M17/M7-1) -> -0.45943471 | N37: =IF(N7=0,0,N17/N7-1) -> 0 | O37: =IF(O7=0,0,O17/O7-1) -> 0 | P37: =IF(P7=0,0,P17/P7-1) -> 0 | Q37: =IF(Q7=0,0,Q17/Q7-1) -> -0.4146937
B38: Rio de Janeiro | C38: =IF(C8=0,0,C18/C8-1) -> -0.40854223 | D38: =IF(D8=0,0,D18/D8-1) -> -0.44711299 | E38: =IF(E8=0,0,E18/E8-1) -> -0.52195902 | F38: =IF(F8=0,0,F18/F8-1) -> -0.53005951 | G38: =IF(G8=0,0,G18/G8-1) -> 0 | H38: =IF(H8=0,0,H18/H8-1) -> 0 | J38: Rio de Janeiro | K38: =IF(K8=0,0,K18/K8-1) -> -0.40854223 | L38: =IF(L8=0,0,L18/L8-1) -> -0.44711299 | M38: =IF(M8=0,0,M18/M8-1) -> -0.52195902 | N38: =IF(N8=0,0,N18/N8-1) -> -0.53005951 | O38: =IF(O8=0,0,O18/O8-1) -> 0 | P38: =IF(P8=0,0,P18/P8-1) -> 0 | Q38: =IF(Q8=0,0,Q18/Q8-1) -> -0.46535266
B39: São Paulo | C39: =IF(C9=0,0,C19/C9-1) -> -0.34541629 | D39: =IF(D9=0,0,D19/D9-1) -> -0.49485879 | E39: =IF(E9=0,0,E19/E9-1) -> -0.53177439 | F39: =IF(F9=0,0,F19/F9-1) -> -0.5343602 | G39: =IF(G9=0,0,G19/G9-1) -> 0 | H39: =IF(H9=0,0,H19/H9-1) -> 0 | J39: São Paulo | K39: =IF(K9=0,0,K19/K9-1) -> -0.34541629 | L39: =IF(L9=0,0,L19/L9-1) -> -0.49485879 | M39: =IF(M9=0,0,M19/M9-1) -> -0.53177439 | N39: =IF(N9=0,0,N19/N9-1) -> -0.5343602 | O39: =IF(O9=0,0,O19/O9-1) -> 0 | P39: =IF(P9=0,0,P19/P9-1) -> 0 | Q39: =IF(Q9=0,0,Q19/Q9-1) -> -0.4531474
J40: Total Destino | K40: =IF(K10=0,0,K20/K10-1) -> -0.42742332 | L40: =IF(L10=0,0,L20/L10-1) -> -0.50428567 | M40: =IF(M10=0,0,M20/M10-1) -> -0.53417467 | N40: =IF(N10=0,0,N20/N10-1) -> -0.53315336 | O40: =IF(O10=0,0,O20/O10-1) -> -0.4132143 | P40: =IF(P10=0,0,P20/P10-1) -> -0.4261626 | Q40: =IF(Q10=0,0,Q20/Q10-1) -> -0.45373532
B45: Emissão de CO2e | C45: CO2e (kg) | D45: %
B46: Rodoviário Direto | C46: =Q10 -> 7614970.5 | D46: 1
B47: Cabotagem | C47: =Q20 -> 4159789.5 | D47: 1
B48: Rodoviário | C48: ='Rodo Cabotagem Base'!I78 -> 537508.85 | D48: =C48/$C$47 -> 0.1292154
B49: Depot | C49: ='Depot Base C1'!I88 -> 19272.362 | D49: =C49/$C$47 -> 0.0046330137
B50: Terminal de Contêineres | C50: ='TC Total'!C14 -> 67902.954 | D50: =C50/$C$47 -> 0.016323652
B51: Consumo Combustíveis no Porto | C51: ='Navio Porto Base C1'!C203 -> 60674.461 | D51: =C51/$C$47 -> 0.014585945
B52: Praticagem e Rebocador | C52: ='Praticagem e Rebocador Base C1'!C130 -> 68351.892 | D52: =C52/$C$47 -> 0.016431575
B53: Viagem | C53: ='Navio Viagem Base C1'!C199 -> 3406078.9 | D53: =C53/$C$47 -> 0.81881042
B56: Cabotagem | C56: CO2e (kg) | D56: %
B57: Rodoviário | C57: =C48 -> 537508.85 | D57: =C57/$C$63 -> 0.1292154
B58: Depot | C58: =C49 -> 19272.362 | D58: =C58/$C$63 -> 0.0046330137
B59: Terminal de Contêineres | C59: =C50 -> 67902.954 | D59: =C59/$C$63 -> 0.016323652
B60: Combustíveis nos Portos | C60: =C51 -> 60674.461 | D60: =C60/$C$63 -> 0.014585945
B61: Praticagem e Rebocador | C61: =C52 -> 68351.892 | D61: =C61/$C$63 -> 0.016431575
B62: Viagem | C62: =C53 -> 3406078.9 | D62: =C62/$C$63 -> 0.81881042
B63: Total | C63: =SUM(C57:C62) -> 4159789.5 | D63: =C63/$C$63 -> 1
D66: =C63-C57 -> 3622280.6
B109: Modal | C109: Rodoviário | D109: Depot | E109: Terminal de Contêineres | F109: Consumo Combustíveis no Porto | G109: Praticagem e Rebocador | H109: Viagem
B110: Rodoviário Direto | C110: =C46 -> 7614970.5 | D110: 0 | E110: 0 | F110: 0 | G110: 0 | H110: 0
B111: Cabotagem | C111: =C57 -> 537508.85 | D111: =C58 -> 19272.362 | E111: =C59 -> 67902.954 | F111: =C60 -> 60674.461 | G111: =C61 -> 68351.892 | H111: =C62 -> 3406078.9

Sheet Hidroviario Base C1
B2: Transporte por Balsas Manaus - Belém (fonte - J.F de Oliveira Navegação Ltda)
B4: Dados Operacionais
B5: Comboio | C5: 1 Empurrador com 2 balsas
B6: Carretas | C6: 120
B7: Combustível | C7: IFO
B8: Consumo (l/h) | C8: 209.5 | D8: l/h
B9: Conversão l para t | C9: 1067 | D9: l/t
B10: Consumo (t/h) | C10: =C8/C9 -> 0.19634489 | D10: t/h
B11: Viagem Manaus - Belém | C11: 5 | D11: dia
B12: Viagem Belém - Manaus | C12: 7 | D12: dias
B14: Consumo IFO por Carreta | C14: t/carreta
B15: Viagem Manaus - Belém | C15: =$C$10*C11*24/$C$6 -> 0.19634489
B16: Viagem Belém - Manaus | C16: =$C$10*C12*24/$C$6 -> 0.27488285
B18: Transporte Semanal | C18: BRMAO | D18: BRPEC | E18: BRSUA | F18: BRSSA | G18: BRIGI | H18: BRSSZ | I18: Total Origem
B19: BRMAO | C19: ='Movimentacao de Conteineres'!K30 -> 0 | D19: ='Movimentacao de Conteineres'!L30 -> 175 | E19: ='Movimentacao de Conteineres'!M30 -> 156 | F19: ='Movimentacao de Conteineres'!N30 -> 0 | G19: ='Movimentacao de Conteineres'!O30 -> 226 | H19: ='Movimentacao de Conteineres'!P30 -> 648 | I19: =SUM(C19:H19) -> 1205
B20: BRPEC | C20: ='Movimentacao de Conteineres'!K31 -> 260 | D20: ='Movimentacao de Conteineres'!L31 -> 0 | E20: ='Movimentacao de Conteineres'!M31 -> 0 | F20: ='Movimentacao de Conteineres'!N31 -> 0 | G20: ='Movimentacao de Conteineres'!O31 -> 20 | H20: ='Movimentacao de Conteineres'!P31 -> 136 | I20: =SUM(C20:H20) -> 416
B21: BRSUA | C21: ='Movimentacao de Conteineres'!K32 -> 331 | D21: ='Movimentacao de Conteineres'!L32 -> 0 | E21: ='Movimentacao de Conteineres'!M32 -> 0 | F21: ='Movimentacao de Conteineres'!N32 -> 0 | G21: ='Movimentacao de Conteineres'!O32 -> 30 | H21: ='Movimentacao de Conteineres'!P32 -> 58 | I21: =SUM(C21:H21) -> 419
B22: BRSSA | C22: ='Movimentacao de Conteineres'!K33 -> 86 | D22: ='Movimentacao de Conteineres'!L33 -> 9 | E22: ='Movimentacao de Conteineres'!M33 -> 1 | F22: ='Movimentacao de Conteineres'!N33 -> 0 | G22: ='Movimentacao de Conteineres'!O33 -> 0 | H22: ='Movimentacao de Conteineres'!P33 -> 0 | I22: =SUM(C22:H22) -> 96
B23: BRIGI | C23: ='Movimentacao de Conteineres'!K34 -> 61 | D23: ='Movimentacao de Conteineres'!L34 -> 120 | E23: ='Movimentacao de Conteineres'!M34 -> 119 | F23: ='Movimentacao de Conteineres'!N34 -> 47 | G23: ='Movimentacao de Conteineres'!O34 -> 0 | H23: ='Movimentacao de Conteineres'!P34 -> 0 | I23: =SUM(C23:H23) -> 347
B24: BRSSZ | C24: ='Movimentacao de Conteineres'!K35 -> 229 | D24: ='Movimentacao de Conteineres'!L35 -> 221 | E24: ='Movimentacao de Conteineres'!M35 -> 272 | F24: ='Movimentacao de Conteineres'!N35 -> 102 | G24: ='Movimentacao de Conteineres'!O35 -> 0 | H24: ='Movimentacao de Conteineres'!P35 -> 0 | I24: =SUM(C24:H24) -> 824
B25: Total Destino | C25: =SUM(C19:C24) -> 967 | D25: =SUM(D19:D24) -> 525 | E25: =SUM(E19:E24) -> 548 | F25: =SUM(F19:F24) -> 149 | G25: =SUM(G19:G24) -> 276 | H25: =SUM(H19:H24) -> 842 | I25: =SUM(I19:I24) -> 3307
B29: Cálculo das Emissões - IFO
B31: Fator de emissão de CO2 modal Hidroviário | E31: ='Fatores Emissao'!C62 -> 3114 | F31: kg / t IFO
B32: Emissão de CO2 (kg) | C32: Manaus (via Belém) | D32: Fortaleza | E32: Recife | F32: Salvador | G32: Rio de Janeiro | H32: São Paulo | I32: Total Origem CO2 (kg)
B33: Manaus (via Belém) | D33: =D19*$C$15*$E$31 -> 106998.15 | E33: =E19*$C$15*$E$31 -> 95381.207 | F33: =F19*$C$15*$E$31 -> 0 | G33: =G19*$C$15*$E$31 -> 138180.47 | H33: =H19*$C$15*$E$31 -> 396198.86 | I33: =SUM(C33:H33) -> 736758.68
B34: Fortaleza | C34: =C20*$C$16*$E$31 -> 222556.15 | E34: ='Rodo Direto Base'!N21*'Rodo Direto Base'!$E$31 -> 0 | F34: ='Rodo Direto Base'!O21*'Rodo Direto Base'!$E$31 -> 0 | G34: ='Rodo Direto Base'!P21*'Rodo Direto Base'!$E$31 -> 0 | H34: ='Rodo Direto Base'!Q21*'Rodo Direto Base'!$E$31 -> 0 | I34: =SUM(C34:H34) -> 222556.15
B35: Recife | C35: =C21*$C$16*$E$31 -> 283331.1 | D35: ='Rodo Direto Base'!M22*'Rodo Direto Base'!$E$31 -> 0 | F35: ='Rodo Direto Base'!O22*'Rodo Direto Base'!$E$31 -> 0 | G35: ='Rodo Direto Base'!P22*'Rodo Direto Base'!$E$31 -> 0 | H35: ='Rodo Direto Base'!Q22*'Rodo Direto Base'!$E$31 -> 0 | I35: =SUM(C35:H35) -> 283331.1
B36: Salvador | C36: =C22*$C$16*$E$31 -> 73614.727 | D36: ='Rodo Direto Base'!M23*'Rodo Direto Base'!$E$31 -> 0 | E36: ='Rodo Direto Base'!N23*'Rodo Direto Base'!$E$31 -> 0 | G36: ='Rodo Direto Base'!P23*'Rodo Direto Base'!$E$31 -> 0 | H36: ='Rodo Direto Base'!Q23*'Rodo Direto Base'!$E$31 -> 0 | I36: =SUM(C36:H36) -> 73614.727
B37: Rio de Janeiro | C37: =C23*$C$16*$E$31 -> 52215.097 | D37: ='Rodo Direto Base'!M24*'Rodo Direto Base'!$E$31 -> 0 | E37: ='Rodo Direto Base'!N24*'Rodo Direto Base'!$E$31 -> 0 | F37: ='Rodo Direto Base'!O24*'Rodo Direto Base'!$E$31 -> 0 | H37: ='Rodo Direto Base'!Q24*'Rodo Direto Base'!$E$31 -> 0 | I37: =SUM(C37:H37) -> 52215.097
B38: São Paulo | C38: =C24*$C$16*$E$31 -> 196020.61 | D38: ='Rodo Direto Base'!M25*'Rodo Direto Base'!$E$31 -> 0 | E38: ='Rodo Direto Base'!N25*'Rodo Direto Base'!$E$31 -> 0 | F38: ='Rodo Direto Base'!O25*'Rodo Direto Base'!$E$31 -> 0 | G38: ='Rodo Direto Base'!P25*'Rodo Direto Base'!$E$31 -> 0 | I38: =SUM(C38:H38) -> 196020.61
B39: Total Destino CO2 (kg) | C39: =SUM(C33:C38) -> 827737.68 | D39: =SUM(D33:D38) -> 106998.15 | E39: =SUM(E33:E38) -> 95381.207 | F39: =SUM(F33:F38) -> 0 | G39: =SUM(G33:G38) -> 138180.47 | H39: =SUM(H33:H38) -> 396198.86 | I39: =SUM(I33:I38) -> 1564496.4
B42: Fator de emissão de CH4 modal Hidroviário | E42: ='Fatores Emissao'!D62 -> 0.05 | F42: kg / t IFO
B43: Emissão de CH4 (kg) | C43: Manaus (via Belém) | D43: Fortaleza | E43: Recife | F43: Salvador | G43: Rio de Janeiro | H43: São Paulo | I43: Total Origem CH4 (kg)
B44: Manaus (via Belém) | D44: =D19*$C$15*$E$42 -> 1.7180178 | E44: =E19*$C$15*$E$42 -> 1.5314902 | F44: =F19*$C$15*$E$42 -> 0 | G44: =G19*$C$15*$E$42 -> 2.2186973 | H44: =H19*$C$15*$E$42 -> 6.3615745 | I44: =SUM(C44:H44) -> 11.82978
B45: Fortaleza | C45: =C20*$C$16*$E$42 -> 3.573477 | E45: =E34*'Rodo Direto Base'!$E$31 -> 0 | F45: =F34*'Rodo Direto Base'!$E$31 -> 0 | G45: =G34*'Rodo Direto Base'!$E$31 -> 0 | H45: =H34*'Rodo Direto Base'!$E$31 -> 0 | I45: =SUM(C45:H45) -> 3.573477
B46: Recife | C46: =C21*$C$16*$E$42 -> 4.5493112 | D46: =D35*'Rodo Direto Base'!$E$31 -> 0 | F46: =F35*'Rodo Direto Base'!$E$31 -> 0 | G46: =G35*'Rodo Direto Base'!$E$31 -> 0 | H46: =H35*'Rodo Direto Base'!$E$31 -> 0 | I46: =SUM(C46:H46) -> 4.5493112
B47: Salvador | C47: =C22*$C$16*$E$42 -> 1.1819963 | D47: =D36*'Rodo Direto Base'!$E$31 -> 0 | E47: =E36*'Rodo Direto Base'!$E$31 -> 0 | G47: =G36*'Rodo Direto Base'!$E$31 -> 0 | H47: =H36*'Rodo Direto Base'!$E$31 -> 0 | I47: =SUM(C47:H47) -> 1.1819963
B48: Rio de Janeiro | C48: =C23*$C$16*$E$42 -> 0.83839269 | D48: =D37*'Rodo Direto Base'!$E$31 -> 0 | E48: =E37*'Rodo Direto Base'!$E$31 -> 0 | F48: =F37*'Rodo Direto Base'!$E$31 -> 0 | H48: =H37*'Rodo Direto Base'!$E$31 -> 0 | I48: =SUM(C48:H48) -> 0.83839269
B49: São Paulo | C49: =C24*$C$16*$E$42 -> 3.1474086 | D49: =D38*'Rodo Direto Base'!$E$31 -> 0 | E49: =E38*'Rodo Direto Base'!$E$31 -> 0 | F49: =F38*'Rodo Direto Base'!$E$31 -> 0 | G49: =G38*'Rodo Direto Base'!$E$31 -> 0 | I49: =SUM(C49:H49) -> 3.1474086
B50: Total Destino CH4 (kg) | C50: =SUM(C44:C49) -> 13.290586 | D50: =SUM(D44:D49) -> 1.7180178 | E50: =SUM(E44:E49) -> 1.5314902 | F50: =SUM(F44:F49) -> 0 | G50: =SUM(G44:G49) -> 2.2186973 | H50: =SUM(H44:H49) -> 6.3615745 | I50: =SUM(I44:I49) -> 25.120366
B53: Fator de emissão de N2O modal Hidroviário | E53: ='Fatores Emissao'!E62 -> 0.18 | F53: kg / t IFO
B54: Emissão de N2O (kg) | C54: Manaus (via Belém) | D54: Fortaleza | E54: Recife | F54: Salvador | G54: Rio de Janeiro | H54: São Paulo | I54: Total Origem N2O (kg)
B55: Manaus (via Belém) | D55: =D19*$C$15*$E$53 -> 6.1848641 | E55: =E19*$C$15*$E$53 -> 5.5133646 | F55: =F19*$C$15*$E$53 -> 0 | G55: =G19*$C$15*$E$53 -> 7.9873102 | H55: =H19*$C$15*$E$53 -> 22.901668 | I55: =SUM(C55:H55) -> 42.587207
B56: Fortaleza | C56: =C20*$C$16*$E$53 -> 12.864517 | E56: =E45*'Rodo Direto Base'!$E$31 -> 0 | F56: =F45*'Rodo Direto Base'!$E$31 -> 0 | G56: =G45*'Rodo Direto Base'!$E$31 -> 0 | H56: =H45*'Rodo Direto Base'!$E$31 -> 0 | I56: =SUM(C56:H56) -> 12.864517
B57: Recife | C57: =C21*$C$16*$E$53 -> 16.37752 | D57: =D46*'Rodo Direto Base'!$E$31 -> 0 | F57: =F46*'Rodo Direto Base'!$E$31 -> 0 | G57: =G46*'Rodo Direto Base'!$E$31 -> 0 | H57: =H46*'Rodo Direto Base'!$E$31 -> 0 | I57: =SUM(C57:H57) -> 16.37752
B58: Salvador | C58: =C22*$C$16*$E$53 -> 4.2551865 | D58: =D47*'Rodo Direto Base'!$E$31 -> 0 | E58: =E47*'Rodo Direto Base'!$E$31 -> 0 | G58: =G47*'Rodo Direto Base'!$E$31 -> 0 | H58: =H47*'Rodo Direto Base'!$E$31 -> 0 | I58: =SUM(C58:H58) -> 4.2551865
B59: Rio de Janeiro | C59: =C23*$C$16*$E$53 -> 3.0182137 | D59: =D48*'Rodo Direto Base'!$E$31 -> 0 | E59: =E48*'Rodo Direto Base'!$E$31 -> 0 | F59: =F48*'Rodo Direto Base'!$E$31 -> 0 | H59: =H48*'Rodo Direto Base'!$E$31 -> 0 | I59: =SUM(C59:H59) -> 3.0182137
B60: São Paulo | C60: =C24*$C$16*$E$53 -> 11.330671 | D60: =D49*'Rodo Direto Base'!$E$31 -> 0 | E60: =E49*'Rodo Direto Base'!$E$31 -> 0 | F60: =F49*'Rodo Direto Base'!$E$31 -> 0 | G60: =G49*'Rodo Direto Base'!$E$31 -> 0 | I60: =SUM(C60:H60) -> 11.330671
B61: Total Destino N2O (kg) | C61: =SUM(C55:C60) -> 47.846109 | D61: =SUM(D55:D60) -> 6.1848641 | E61: =SUM(E55:E60) -> 5.5133646 | F61: =SUM(F55:F60) -> 0 | G61: =SUM(G55:G60) -> 7.9873102 | H61: =SUM(H55:H60) -> 22.901668 | I61: =SUM(I55:I60) -> 90.433316
B64: Cálculo das Emissões - IFO
B66: GEE | C66: GWP (AR5)
B67: Dióxido de Carbono (CO2) | C67: ='Fatores Emissao'!O6 -> 1
B68: Metano (CH4) | C68: ='Fatores Emissao'!O7 -> 28
B69: Óxido Nitroso (N2O) | C69: ='Fatores Emissao'!O8 -> 265
B71: Emissão Semanal Total do Transporte Hidroviário no Cenário Base (kg CO2e)
B72: Cidade | C72: Manaus (via Belém) | D72: Fortaleza | E72: Recife | F72: Salvador | G72: Rio de Janeiro | H72: São Paulo | I72: Total Origem CO2e (kg)
B73: Manaus (via Belém) | C73: =C33*$C$67+C44*$C$68+C55*$C$69 -> 0 | D73: =D33*$C$67+D44*$C$68+D55*$C$69 -> 108685.24 | E73: =E33*$C$67+E44*$C$68+E55*$C$69 -> 96885.13 | F73: =F33*$C$67+F44*$C$68+F55*$C$69 -> 0 | G73: =G33*$C$67+G44*$C$68+G55*$C$69 -> 140359.23 | H73: =H33*$C$67+H44*$C$68+H55*$C$69 -> 402445.93 | I73: =SUM(C73:H73) -> 748375.53
B74: Fortaleza | C74: =C34*$C$67+C45*$C$68+C56*$C$69 -> 226065.3 | D74: =D34*$C$67+D45*$C$68+D56*$C$69 -> 0 | E74: =E34*$C$67+E45*$C$68+E56*$C$69 -> 0 | F74: =F34*$C$67+F45*$C$68+F56*$C$69 -> 0 | G74: =G34*$C$67+G45*$C$68+G56*$C$69 -> 0 | H74: =H34*$C$67+H45*$C$68+H56*$C$69 -> 0 | I74: =SUM(C74:H74) -> 226065.3
B75: Recife | C75: =C35*$C$67+C46*$C$68+C57*$C$69 -> 287798.52 | D75: =D35*$C$67+D46*$C$68+D57*$C$69 -> 0 | E75: =E35*$C$67+E46*$C$68+E57*$C$69 -> 0 | F75: =F35*$C$67+F46*$C$68+F57*$C$69 -> 0 | G75: =G35*$C$67+G46*$C$68+G57*$C$69 -> 0 | H75: =H35*$C$67+H46*$C$68+H57*$C$69 -> 0 | I75: =SUM(C75:H75) -> 287798.52
B76: Salvador | C76: =C36*$C$67+C47*$C$68+C58*$C$69 -> 74775.447 | D76: =D36*$C$67+D47*$C$68+D58*$C$69 -> 0 | E76: =E36*$C$67+E47*$C$68+E58*$C$69 -> 0 | F76: =F36*$C$67+F47*$C$68+F58*$C$69 -> 0 | G76: =G36*$C$67+G47*$C$68+G58*$C$69 -> 0 | H76: =H36*$C$67+H47*$C$68+H58*$C$69 -> 0 | I76: =SUM(C76:H76) -> 74775.447
B77: Rio de Janeiro | C77: =C37*$C$67+C48*$C$68+C59*$C$69 -> 53038.398 | D77: =D37*$C$67+D48*$C$68+D59*$C$69 -> 0 | E77: =E37*$C$67+E48*$C$68+E59*$C$69 -> 0 | F77: =F37*$C$67+F48*$C$68+F59*$C$69 -> 0 | G77: =G37*$C$67+G48*$C$68+G59*$C$69 -> 0 | H77: =H37*$C$67+H48*$C$68+H59*$C$69 -> 0 | I77: =SUM(C77:H77) -> 53038.398
B78: São Paulo | C78: =C38*$C$67+C49*$C$68+C60*$C$69 -> 199111.36 | D78: =D38*$C$67+D49*$C$68+D60*$C$69 -> 0 | E78: =E38*$C$67+E49*$C$68+E60*$C$69 -> 0 | F78: =F38*$C$67+F49*$C$68+F60*$C$69 -> 0 | G78: =G38*$C$67+G49*$C$68+G60*$C$69 -> 0 | H78: =H38*$C$67+H49*$C$68+H60*$C$69 -> 0 | I78: =SUM(C78:H78) -> 199111.36
B79: Total Destino CO2e (kg) | C79: =SUM(C73:C78) -> 840789.04 | D79: =SUM(D73:D78) -> 108685.24 | E79: =SUM(E73:E78) -> 96885.13 | F79: =SUM(F73:F78) -> 0 | G79: =SUM(G73:G78) -> 140359.23 | H79: =SUM(H73:H78) -> 402445.93 | I79: =SUM(I73:I78) -> 1589164.6 | K79: =I79*52/1000000 -> 82.636557
B82: Emissão de CO2e (%) | C82: Manaus (via Belém) | D82: Fortaleza | E82: Recife | F82: Salvador | G82: Rio de Janeiro | H82: São Paulo | I82: Total Origem CO2e (%)
B83: Manaus (via Belém) | C83: =C73/$I$79 -> 0 | D83: =D73/$I$79 -> 0.068391433 | E83: =E73/$I$79 -> 0.060966078 | F83: =F73/$I$79 -> 0 | G83: =G73/$I$79 -> 0.088322651 | H83: =H73/$I$79 -> 0.25324371 | I83: =SUM(C83:H83) -> 0.47092387
B84: Fortaleza | C84: =C74/$I$79 -> 0.14225418 | D84: =D74/$I$79 -> 0 | E84: =E74/$I$79 -> 0 | F84: =F74/$I$79 -> 0 | G84: =G74/$I$79 -> 0 | H84: =H74/$I$79 -> 0 | I84: =SUM(C84:H84) -> 0.14225418
B85: Recife | C85: =C75/$I$79 -> 0.18110052 | D85: =D75/$I$79 -> 0 | E85: =E75/$I$79 -> 0 | F85: =F75/$I$79 -> 0 | G85: =G75/$I$79 -> 0 | H85: =H75/$I$79 -> 0 | I85: =SUM(C85:H85) -> 0.18110052
B86: Salvador | C86: =C76/$I$79 -> 0.047053306 | D86: =D76/$I$79 -> 0 | E86: =E76/$I$79 -> 0 | F86: =F76/$I$79 -> 0 | G86: =G76/$I$79 -> 0 | H86: =H76/$I$79 -> 0 | I86: =SUM(C86:H86) -> 0.047053306
B87: Rio de Janeiro | C87: =C77/$I$79 -> 0.03337502 | D87: =D77/$I$79 -> 0 | E87: =E77/$I$79 -> 0 | F87: =F77/$I$79 -> 0 | G87: =G77/$I$79 -> 0 | H87: =H77/$I$79 -> 0 | I87: =SUM(C87:H87) -> 0.03337502
B88: São Paulo | C88: =C78/$I$79 -> 0.12529311 | D88: =D78/$I$79 -> 0 | E88: =E78/$I$79 -> 0 | F88: =F78/$I$79 -> 0 | G88: =G78/$I$79 -> 0 | H88: =H78/$I$79 -> 0 | I88: =SUM(C88:H88) -> 0.12529311
B89: Total Destino CO2e (%) | C89: =SUM(C83:C88) -> 0.52907613 | D89: =SUM(D83:D88) -> 0.068391433 | E89: =SUM(E83:E88) -> 0.060966078 | F89: =SUM(F83:F88) -> 0 | G89: =SUM(G83:G88) -> 0.088322651 | H89: =SUM(H83:H88) -> 0.25324371 | I89: =SUM(I83:I88) -> 1
B92: Emissão de CO2e no Transporte Hidroviário por Contêiner - Cenário Base (kg/contêiner)
B93: Cidade | C93: Manaus (via Belém) | D93: Fortaleza | E93: Recife | F93: Salvador | G93: Rio de Janeiro | H93: São Paulo
B94: Manaus (via Belém) | C94: =IF(C19=0,0,C73/C19) -> 0 | D94: =IF(D19=0,0,D73/D19) -> 621.05853 | E94: =IF(E19=0,0,E73/E19) -> 621.05853 | F94: =IF(F19=0,0,F73/F19) -> 0 | G94: =IF(G19=0,0,G73/G19) -> 621.05853 | H94: =IF(H19=0,0,H73/H19) -> 621.05853
B95: Fortaleza | C95: =IF(C20=0,0,C74/C20) -> 869.48194 | D95: =IF(D20=0,0,D74/D20) -> 0 | E95: =IF(E20=0,0,E74/E20) -> 0 | F95: =IF(F20=0,0,F74/F20) -> 0 | G95: =IF(G20=0,0,G74/G20) -> 0 | H95: =IF(H20=0,0,H74/H20) -> 0
B96: Recife | C96: =IF(C21=0,0,C75/C21) -> 869.48194 | D96: =IF(D21=0,0,D75/D21) -> 0 | E96: =IF(E21=0,0,E75/E21) -> 0 | F96: =IF(F21=0,0,F75/F21) -> 0 | G96: =IF(G21=0,0,G75/G21) -> 0 | H96: =IF(H21=0,0,H75/H21) -> 0
B97: Salvador | C97: =IF(C22=0,0,C76/C22) -> 869.48194 | D97: =IF(D22=0,0,D76/D22) -> 0 | E97: =IF(E22=0,0,E76/E22) -> 0 | F97: =IF(F22=0,0,F76/F22) -> 0 | G97: =IF(G22=0,0,G76/G22) -> 0 | H97: =IF(H22=0,0,H76/H22) -> 0
B98: Rio de Janeiro | C98: =IF(C23=0,0,C77/C23) -> 869.48194 | D98: =IF(D23=0,0,D77/D23) -> 0 | E98: =IF(E23=0,0,E77/E23) -> 0 | F98: =IF(F23=0,0,F77/F23) -> 0 | G98: =IF(G23=0,0,G77/G23) -> 0 | H98: =IF(H23=0,0,H77/H23) -> 0
B99: São Paulo | C99: =IF(C24=0,0,C78/C24) -> 869.48194 | D99: =IF(D24=0,0,D78/D24) -> 0 | E99: =IF(E24=0,0,E78/E24) -> 0 | F99: =IF(F24=0,0,F78/F24) -> 0 | G99: =IF(G24=0,0,G78/G24) -> 0 | H99: =IF(H24=0,0,H78/H24) -> 0

Sheet Hidroviario C2
B2: Transporte por Balsas Manaus - Belém (fonte - J.F de Oliveira Navegação Ltda)
B4: Dados Operacionais
B5: Comboio | C5: 1 Empurrador com 2 balsas
B6: Carretas | C6: 120
B7: Combustível | C7: HVO
B8: Consumo (l/h) | C8: 209.5 | D8: l/h
B9: Conversão l para t | C9: 1067 | D9: l/t
B10: Consumo (t/h) | C10: =C8/C9 -> 0.19634489 | D10: t/h
B11: Viagem Manaus - Belém | C11: 5 | D11: dia
B12: Viagem Belém - Manaus | C12: 7 | D12: dias
B14: Consumo Biodiesel por Carreta | C14: t/carreta
B15: Viagem Manaus - Belém | C15: =$C$10*C11*24/$C$6*'Fatores Emissao'!C95/'Fatores Emissao'!C97 -> 0.19206151
B16: Viagem Belém - Manaus | C16: =$C$10*C12*24/$C$6*'Fatores Emissao'!C95/'Fatores Emissao'!C97 -> 0.26888611
B18: Transporte Semanal | C18: BRMAO | D18: BRPEC | E18: BRSUA | F18: BRSSA | G18: BRIGI | H18: BRSSZ | I18: Total Origem
B19: BRMAO | C19: ='Movimentacao de Conteineres'!K30 -> 0 | D19: ='Movimentacao de Conteineres'!L30 -> 175 | E19: ='Movimentacao de Conteineres'!M30 -> 156 | F19: ='Movimentacao de Conteineres'!N30 -> 0 | G19: ='Movimentacao de Conteineres'!O30 -> 226 | H19: ='Movimentacao de Conteineres'!P30 -> 648 | I19: =SUM(C19:H19) -> 1205
B20: BRPEC | C20: ='Movimentacao de Conteineres'!K31 -> 260 | D20: ='Movimentacao de Conteineres'!L31 -> 0 | E20: ='Movimentacao de Conteineres'!M31 -> 0 | F20: ='Movimentacao de Conteineres'!N31 -> 0 | G20: ='Movimentacao de Conteineres'!O31 -> 20 | H20: ='Movimentacao de Conteineres'!P31 -> 136 | I20: =SUM(C20:H20) -> 416
B21: BRSUA | C21: ='Movimentacao de Conteineres'!K32 -> 331 | D21: ='Movimentacao de Conteineres'!L32 -> 0 | E21: ='Movimentacao de Conteineres'!M32 -> 0 | F21: ='Movimentacao de Conteineres'!N32 -> 0 | G21: ='Movimentacao de Conteineres'!O32 -> 30 | H21: ='Movimentacao de Conteineres'!P32 -> 58 | I21: =SUM(C21:H21) -> 419
B22: BRSSA | C22: ='Movimentacao de Conteineres'!K33 -> 86 | D22: ='Movimentacao de Conteineres'!L33 -> 9 | E22: ='Movimentacao de Conteineres'!M33 -> 1 | F22: ='Movimentacao de Conteineres'!N33 -> 0 | G22: ='Movimentacao de Conteineres'!O33 -> 0 | H22: ='Movimentacao de Conteineres'!P33 -> 0 | I22: =SUM(C22:H22) -> 96
B23: BRIGI | C23: ='Movimentacao de Conteineres'!K34 -> 61 | D23: ='Movimentacao de Conteineres'!L34 -> 120 | E23: ='Movimentacao de Conteineres'!M34 -> 119 | F23: ='Movimentacao de Conteineres'!N34 -> 47 | G23: ='Movimentacao de Conteineres'!O34 -> 0 | H23: ='Movimentacao de Conteineres'!P34 -> 0 | I23: =SUM(C23:H23) -> 347
B24: BRSSZ | C24: ='Movimentacao de Conteineres'!K35 -> 229 | D24: ='Movimentacao de Conteineres'!L35 -> 221 | E24: ='Movimentacao de Conteineres'!M35 -> 272 | F24: ='Movimentacao de Conteineres'!N35 -> 102 | G24: ='Movimentacao de Conteineres'!O35 -> 0 | H24: ='Movimentacao de Conteineres'!P35 -> 0 | I24: =SUM(C24:H24) -> 824
B25: Total Destino | C25: =SUM(C19:C24) -> 967 | D25: =SUM(D19:D24) -> 525 | E25: =SUM(E19:E24) -> 548 | F25: =SUM(F19:F24) -> 149 | G25: =SUM(G19:G24) -> 276 | H25: =SUM(H19:H24) -> 842 | I25: =SUM(I19:I24) -> 3307
B29: Cálculo das Emissões - HVO
B31: Fator de emissão de CO2 modal Hidroviário | E31: ='Fatores Emissao'!C84 -> 2836.8489 | F31: kg / t Biodiesel
B32: Emissão de CO2 (kg) | C32: Manaus (via Belém) | D32: Fortaleza | E32: Recife | F32: Salvador | G32: Rio de Janeiro | H32: São Paulo | I32: Total Origem CO2 (kg)
B33: Manaus (via Belém) | D33: ='Rodo Direto Base'!D11*$C$15*$E$31 -> 95348.659 | E33: ='Rodo Direto Base'!E11*$C$15*$E$31 -> 84996.519 | F33: ='Rodo Direto Base'!F11*$C$15*$E$31 -> 0 | G33: ='Rodo Direto Base'!G11*$C$15*$E$31 -> 123135.98 | H33: ='Rodo Direto Base'!H11*$C$15*$E$31 -> 353062.46 | I33: =SUM(C33:H33) -> 656543.62
B34: Fortaleza | C34: ='Rodo Direto Base'!C12*$C$16*$E$31 -> 198325.21 | E34: ='Rodo Direto Base'!N21*'Rodo Direto Base'!$E$31 -> 0 | F34: ='Rodo Direto Base'!O21*'Rodo Direto Base'!$E$31 -> 0 | G34: ='Rodo Direto Base'!P21*'Rodo Direto Base'!$E$31 -> 0 | H34: ='Rodo Direto Base'!Q21*'Rodo Direto Base'!$E$31 -> 0 | I34: =SUM(C34:H34) -> 198325.21
B35: Recife | C35: ='Rodo Direto Base'!C13*$C$16*$E$31 -> 252483.25 | D35: ='Rodo Direto Base'!M22*'Rodo Direto Base'!$E$31 -> 0 | F35: ='Rodo Direto Base'!O22*'Rodo Direto Base'!$E$31 -> 0 | G35: ='Rodo Direto Base'!P22*'Rodo Direto Base'!$E$31 -> 0 | H35: ='Rodo Direto Base'!Q22*'Rodo Direto Base'!$E$31 -> 0 | I35: =SUM(C35:H35) -> 252483.25
B36: Salvador | C36: ='Rodo Direto Base'!C14*$C$16*$E$31 -> 65599.878 | D36: ='Rodo Direto Base'!M23*'Rodo Direto Base'!$E$31 -> 0 | E36: ='Rodo Direto Base'!N23*'Rodo Direto Base'!$E$31 -> 0 | G36: ='Rodo Direto Base'!P23*'Rodo Direto Base'!$E$31 -> 0 | H36: ='Rodo Direto Base'!Q23*'Rodo Direto Base'!$E$31 -> 0 | I36: =SUM(C36:H36) -> 65599.878
B37: Rio de Janeiro | C37: ='Rodo Direto Base'!C15*$C$16*$E$31 -> 46530.146 | D37: ='Rodo Direto Base'!M24*'Rodo Direto Base'!$E$31 -> 0 | E37: ='Rodo Direto Base'!N24*'Rodo Direto Base'!$E$31 -> 0 | F37: ='Rodo Direto Base'!O24*'Rodo Direto Base'!$E$31 -> 0 | H37: ='Rodo Direto Base'!Q24*'Rodo Direto Base'!$E$31 -> 0 | I37: =SUM(C37:H37) -> 46530.146
B38: São Paulo | C38: ='Rodo Direto Base'!C16*$C$16*$E$31 -> 174678.74 | D38: ='Rodo Direto Base'!M25*'Rodo Direto Base'!$E$31 -> 0 | E38: ='Rodo Direto Base'!N25*'Rodo Direto Base'!$E$31 -> 0 | F38: ='Rodo Direto Base'!O25*'Rodo Direto Base'!$E$31 -> 0 | G38: ='Rodo Direto Base'!P25*'Rodo Direto Base'!$E$31 -> 0 | I38: =SUM(C38:H38) -> 174678.74
B39: Total Destino CO2 (kg) | C39: =SUM(C33:C38) -> 737617.23 | D39: =SUM(D33:D38) -> 95348.659 | E39: =SUM(E33:E38) -> 84996.519 | F39: =SUM(F33:F38) -> 0 | G39: =SUM(G33:G38) -> 123135.98 | H39: =SUM(H33:H38) -> 353062.46 | I39: =SUM(I33:I38) -> 1394160.9
B42: Fator de emissão de CH4 modal Hidroviário | E42: ='Fatores Emissao'!D84 -> 0.17111152 | F42: kg / t Biodiesel
B43: Emissão de CH4 (kg) | C43: Manaus (via Belém) | D43: Fortaleza | E43: Recife | F43: Salvador | G43: Rio de Janeiro | H43: São Paulo | I43: Total Origem CH4 (kg)
B44: Manaus (via Belém) | D44: ='Rodo Direto Base'!D11*$C$15*$E$42 -> 5.751189 | E44: ='Rodo Direto Base'!E11*$C$15*$E$42 -> 5.1267742 | F44: ='Rodo Direto Base'!F11*$C$15*$E$42 -> 0 | G44: ='Rodo Direto Base'!G11*$C$15*$E$42 -> 7.4272497 | H44: ='Rodo Direto Base'!H11*$C$15*$E$42 -> 21.295831 | I44: =SUM(C44:H44) -> 39.601044
B45: Fortaleza | C45: ='Rodo Direto Base'!C12*$C$16*$E$42 -> 11.962473 | E45: =E34*'Rodo Direto Base'!$E$31 -> 0 | F45: =F34*'Rodo Direto Base'!$E$31 -> 0 | G45: =G34*'Rodo Direto Base'!$E$31 -> 0 | H45: =H34*'Rodo Direto Base'!$E$31 -> 0 | I45: =SUM(C45:H45) -> 11.962473
B46: Recife | C46: ='Rodo Direto Base'!C13*$C$16*$E$42 -> 15.229148 | D46: =D35*'Rodo Direto Base'!$E$31 -> 0 | F46: =F35*'Rodo Direto Base'!$E$31 -> 0 | G46: =G35*'Rodo Direto Base'!$E$31 -> 0 | H46: =H35*'Rodo Direto Base'!$E$31 -> 0 | I46: =SUM(C46:H46) -> 15.229148
B47: Salvador | C47: ='Rodo Direto Base'!C14*$C$16*$E$42 -> 3.956818 | D47: =D36*'Rodo Direto Base'!$E$31 -> 0 | E47: =E36*'Rodo Direto Base'!$E$31 -> 0 | G47: =G36*'Rodo Direto Base'!$E$31 -> 0 | H47: =H36*'Rodo Direto Base'!$E$31 -> 0 | I47: =SUM(C47:H47) -> 3.956818
B48: Rio de Janeiro | C48: ='Rodo Direto Base'!C15*$C$16*$E$42 -> 2.8065802 | D48: =D37*'Rodo Direto Base'!$E$31 -> 0 | E48: =E37*'Rodo Direto Base'!$E$31 -> 0 | F48: =F37*'Rodo Direto Base'!$E$31 -> 0 | H48: =H37*'Rodo Direto Base'!$E$31 -> 0 | I48: =SUM(C48:H48) -> 2.8065802
B49: São Paulo | C49: ='Rodo Direto Base'!C16*$C$16*$E$42 -> 10.536178 | D49: =D38*'Rodo Direto Base'!$E$31 -> 0 | E49: =E38*'Rodo Direto Base'!$E$31 -> 0 | F49: =F38*'Rodo Direto Base'!$E$31 -> 0 | G49: =G38*'Rodo Direto Base'!$E$31 -> 0 | I49: =SUM(C49:H49) -> 10.536178
B50: Total Destino CH4 (kg) | C50: =SUM(C44:C49) -> 44.491198 | D50: =SUM(D44:D49) -> 5.751189 | E50: =SUM(E44:E49) -> 5.1267742 | F50: =SUM(F44:F49) -> 0 | G50: =SUM(G44:G49) -> 7.4272497 | H50: =SUM(H44:H49) -> 21.295831 | I50: =SUM(I44:I49) -> 84.092242
B53: Fator de emissão de N2O modal Hidroviário | E53: ='Fatores Emissao'!E84 -> 0.07805087 | F53: kg / t Biodiesel
B54: Emissão de N2O (kg) | C54: Manaus (via Belém) | D54: Fortaleza | E54: Recife | F54: Salvador | G54: Rio de Janeiro | H54: São Paulo | I54: Total Origem N2O (kg)
B55: Manaus (via Belém) | D55: ='Rodo Direto Base'!D11*$C$15*$E$53 -> 2.6233494 | E55: ='Rodo Direto Base'!E11*$C$15*$E$53 -> 2.3385286 | F55: ='Rodo Direto Base'!F11*$C$15*$E$53 -> 0 | G55: ='Rodo Direto Base'!G11*$C$15*$E$53 -> 3.3878683 | H55: ='Rodo Direto Base'!H11*$C$15*$E$53 -> 9.7138879 | I55: =SUM(C55:H55) -> 18.063634
B56: Fortaleza | C56: ='Rodo Direto Base'!C12*$C$16*$E$53 -> 5.4565667 | E56: =E45*'Rodo Direto Base'!$E$31 -> 0 | F56: =F45*'Rodo Direto Base'!$E$31 -> 0 | G56: =G45*'Rodo Direto Base'!$E$31 -> 0 | H56: =H45*'Rodo Direto Base'!$E$31 -> 0 | I56: =SUM(C56:H56) -> 5.4565667
B57: Recife | C57: ='Rodo Direto Base'!C13*$C$16*$E$53 -> 6.9466291 | D57: =D46*'Rodo Direto Base'!$E$31 -> 0 | F57: =F46*'Rodo Direto Base'!$E$31 -> 0 | G57: =G46*'Rodo Direto Base'!$E$31 -> 0 | H57: =H46*'Rodo Direto Base'!$E$31 -> 0 | I57: =SUM(C57:H57) -> 6.9466291
B58: Salvador | C58: ='Rodo Direto Base'!C14*$C$16*$E$53 -> 1.8048644 | D58: =D47*'Rodo Direto Base'!$E$31 -> 0 | E58: =E47*'Rodo Direto Base'!$E$31 -> 0 | G58: =G47*'Rodo Direto Base'!$E$31 -> 0 | H58: =H47*'Rodo Direto Base'!$E$31 -> 0 | I58: =SUM(C58:H58) -> 1.8048644
B59: Rio de Janeiro | C59: ='Rodo Direto Base'!C15*$C$16*$E$53 -> 1.2801945 | D59: =D48*'Rodo Direto Base'!$E$31 -> 0 | E59: =E48*'Rodo Direto Base'!$E$31 -> 0 | F59: =F48*'Rodo Direto Base'!$E$31 -> 0 | H59: =H48*'Rodo Direto Base'!$E$31 -> 0 | I59: =SUM(C59:H59) -> 1.2801945
B60: São Paulo | C60: ='Rodo Direto Base'!C16*$C$16*$E$53 -> 4.805976 | D60: =D49*'Rodo Direto Base'!$E$31 -> 0 | E60: =E49*'Rodo Direto Base'!$E$31 -> 0 | F60: =F49*'Rodo Direto Base'!$E$31 -> 0 | G60: =G49*'Rodo Direto Base'!$E$31 -> 0 | I60: =SUM(C60:H60) -> 4.805976
B61: Total Destino N2O (kg) | C61: =SUM(C55:C60) -> 20.294231 | D61: =SUM(D55:D60) -> 2.6233494 | E61: =SUM(E55:E60) -> 2.3385286 | F61: =SUM(F55:F60) -> 0 | G61: =SUM(G55:G60) -> 3.3878683 | H61: =SUM(H55:H60) -> 9.7138879 | I61: =SUM(I55:I60) -> 38.357865
B64: Cálculo das Emissões - HVO
B66: GEE | C66: GWP (AR5)
B67: Dióxido de Carbono (CO2) | C67: ='Fatores Emissao'!O6 -> 1
B68: Metano (CH4) | C68: ='Fatores Emissao'!O7 -> 28
B69: Óxido Nitroso (N2O) | C69: ='Fatores Emissao'!O8 -> 265 | K69: =I79*52/1000000 -> 73.147374
B72: Emissão de CO2e (kg) | C72: Manaus (via Belém) | D72: Fortaleza | E72: Recife | F72: Salvador | G72: Rio de Janeiro | H72: São Paulo | I72: Total Origem CO2e (kg)
B73: Manaus (via Belém) | C73: =C33*$C$67+C44*$C$68+C55*$C$69 -> 0 | D73: =D33*$C$67+D44*$C$68+D55*$C$69 -> 96204.88 | E73: =E33*$C$67+E44*$C$68+E55*$C$69 -> 85759.779 | F73: =F33*$C$67+F44*$C$68+F55*$C$69 -> 0 | G73: =G33*$C$67+G44*$C$68+G55*$C$69 -> 124241.73 | H73: =H33*$C$67+H44*$C$68+H55*$C$69 -> 356232.93 | I73: =SUM(C73:H73) -> 662439.32
B74: Fortaleza | C74: =C34*$C$67+C45*$C$68+C56*$C$69 -> 200106.15 | D74: =D34*$C$67+D45*$C$68+D56*$C$69 -> 0 | E74: =E34*$C$67+E45*$C$68+E56*$C$69 -> 0 | F74: =F34*$C$67+F45*$C$68+F56*$C$69 -> 0 | G74: =G34*$C$67+G45*$C$68+G56*$C$69 -> 0 | H74: =H34*$C$67+H45*$C$68+H56*$C$69 -> 0 | I74: =SUM(C74:H74) -> 200106.15
B75: Recife | C75: =C35*$C$67+C46*$C$68+C57*$C$69 -> 254750.52 | D75: =D35*$C$67+D46*$C$68+D57*$C$69 -> 0 | E75: =E35*$C$67+E46*$C$68+E57*$C$69 -> 0 | F75: =F35*$C$67+F46*$C$68+F57*$C$69 -> 0 | G75: =G35*$C$67+G46*$C$68+G57*$C$69 -> 0 | H75: =H35*$C$67+H46*$C$68+H57*$C$69 -> 0 | I75: =SUM(C75:H75) -> 254750.52
B76: Salvador | C76: =C36*$C$67+C47*$C$68+C58*$C$69 -> 66188.957 | D76: =D36*$C$67+D47*$C$68+D58*$C$69 -> 0 | E76: =E36*$C$67+E47*$C$68+E58*$C$69 -> 0 | F76: =F36*$C$67+F47*$C$68+F58*$C$69 -> 0 | G76: =G36*$C$67+G47*$C$68+G58*$C$69 -> 0 | H76: =H36*$C$67+H47*$C$68+H58*$C$69 -> 0 | I76: =SUM(C76:H76) -> 66188.957
B77: Rio de Janeiro | C77: =C37*$C$67+C48*$C$68+C59*$C$69 -> 46947.981 | D77: =D37*$C$67+D48*$C$68+D59*$C$69 -> 0 | E77: =E37*$C$67+E48*$C$68+E59*$C$69 -> 0 | F77: =F37*$C$67+F48*$C$68+F59*$C$69 -> 0 | G77: =G37*$C$67+G48*$C$68+G59*$C$69 -> 0 | H77: =H37*$C$67+H48*$C$68+H59*$C$69 -> 0 | I77: =SUM(C77:H77) -> 46947.981
B78: São Paulo | C78: =C38*$C$67+C49*$C$68+C60*$C$69 -> 176247.34 | D78: =D38*$C$67+D49*$C$68+D60*$C$69 -> 0 | E78: =E38*$C$67+E49*$C$68+E60*$C$69 -> 0 | F78: =F38*$C$67+F49*$C$68+F60*$C$69 -> 0 | G78: =G38*$C$67+G49*$C$68+G60*$C$69 -> 0 | H78: =H38*$C$67+H49*$C$68+H60*$C$69 -> 0 | I78: =SUM(C78:H78) -> 176247.34
B79: Total Destino CO2e (kg) | C79: =SUM(C73:C78) -> 744240.95 | D79: =SUM(D73:D78) -> 96204.88 | E79: =SUM(E73:E78) -> 85759.779 | F79: =SUM(F73:F78) -> 0 | G79: =SUM(G73:G78) -> 124241.73 | H79: =SUM(H73:H78) -> 356232.93 | I79: =SUM(I73:I78) -> 1406680.3
B82: Emissão de CO2e (%) | C82: Manaus (via Belém) | D82: Fortaleza | E82: Recife | F82: Salvador | G82: Rio de Janeiro | H82: São Paulo | I82: Total Origem CO2e (%)
B83: Manaus (via Belém) | C83: =C73/$I$79 -> 0 | D83: =D73/$I$79 -> 0.068391433 | E83: =E73/$I$79 -> 0.060966078 | F83: =F73/$I$79 -> 0 | G83: =G73/$I$79 -> 0.088322651 | H83: =H73/$I$79 -> 0.25324371 | I83: =SUM(C83:H83) -> 0.47092387
B84: Fortaleza | C84: =C74/$I$79 -> 0.14225418 | D84: =D74/$I$79 -> 0 | E84: =E74/$I$79 -> 0 | F84: =F74/$I$79 -> 0 | G84: =G74/$I$79 -> 0 | H84: =H74/$I$79 -> 0 | I84: =SUM(C84:H84) -> 0.14225418
B85: Recife | C85: =C75/$I$79 -> 0.18110052 | D85: =D75/$I$79 -> 0 | E85: =E75/$I$79 -> 0 | F85: =F75/$I$79 -> 0 | G85: =G75/$I$79 -> 0 | H85: =H75/$I$79 -> 0 | I85: =SUM(C85:H85) -> 0.18110052
B86: Salvador | C86: =C76/$I$79 -> 0.047053306 | D86: =D76/$I$79 -> 0 | E86: =E76/$I$79 -> 0 | F86: =F76/$I$79 -> 0 | G86: =G76/$I$79 -> 0 | H86: =H76/$I$79 -> 0 | I86: =SUM(C86:H86) -> 0.047053306
B87: Rio de Janeiro | C87: =C77/$I$79 -> 0.03337502 | D87: =D77/$I$79 -> 0 | E87: =E77/$I$79 -> 0 | F87: =F77/$I$79 -> 0 | G87: =G77/$I$79 -> 0 | H87: =H77/$I$79 -> 0 | I87: =SUM(C87:H87) -> 0.03337502
B88: São Paulo | C88: =C78/$I$79 -> 0.12529311 | D88: =D78/$I$79 -> 0 | E88: =E78/$I$79 -> 0 | F88: =F78/$I$79 -> 0 | G88: =G78/$I$79 -> 0 | H88: =H78/$I$79 -> 0 | I88: =SUM(C88:H88) -> 0.12529311
B89: Total Destino CO2e (%) | C89: =SUM(C83:C88) -> 0.52907613 | D89: =SUM(D83:D88) -> 0.068391433 | E89: =SUM(E83:E88) -> 0.060966078 | F89: =SUM(F83:F88) -> 0 | G89: =SUM(G83:G88) -> 0.088322651 | H89: =SUM(H83:H88) -> 0.25324371 | I89: =SUM(I83:I88) -> 1
B92: Emissão no Transporte Hidroviário por Contêiner
B93: Emissão de CO2e (kg/contêiner) | C93: Manaus (via Belém) | D93: Fortaleza | E93: Recife | F93: Salvador | G93: Rio de Janeiro | H93: São Paulo
B94: Manaus (via Belém) | C94: =IF(C19=0,0,C73/C19) -> 0 | D94: =IF(D19=0,0,D73/D19) -> 549.74217 | E94: =IF(E19=0,0,E73/E19) -> 549.74217 | F94: =IF(F19=0,0,F73/F19) -> 0 | G94: =IF(G19=0,0,G73/G19) -> 549.74217 | H94: =IF(H19=0,0,H73/H19) -> 549.74217
B95: Fortaleza | C95: =IF(C20=0,0,C74/C20) -> 769.63904 | D95: =IF(D20=0,0,D74/D20) -> 0 | E95: =IF(E20=0,0,E74/E20) -> 0 | F95: =IF(F20=0,0,F74/F20) -> 0 | G95: =IF(G20=0,0,G74/G20) -> 0 | H95: =IF(H20=0,0,H74/H20) -> 0
B96: Recife | C96: =IF(C21=0,0,C75/C21) -> 769.63904 | D96: =IF(D21=0,0,D75/D21) -> 0 | E96: =IF(E21=0,0,E75/E21) -> 0 | F96: =IF(F21=0,0,F75/F21) -> 0 | G96: =IF(G21=0,0,G75/G21) -> 0 | H96: =IF(H21=0,0,H75/H21) -> 0
B97: Salvador | C97: =IF(C22=0,0,C76/C22) -> 769.63904 | D97: =IF(D22=0,0,D76/D22) -> 0 | E97: =IF(E22=0,0,E76/E22) -> 0 | F97: =IF(F22=0,0,F76/F22) -> 0 | G97: =IF(G22=0,0,G76/G22) -> 0 | H97: =IF(H22=0,0,H76/H22) -> 0
B98: Rio de Janeiro | C98: =IF(C23=0,0,C77/C23) -> 769.63904 | D98: =IF(D23=0,0,D77/D23) -> 0 | E98: =IF(E23=0,0,E77/E23) -> 0 | F98: =IF(F23=0,0,F77/F23) -> 0 | G98: =IF(G23=0,0,G77/G23) -> 0 | H98: =IF(H23=0,0,H77/H23) -> 0
B99: São Paulo | C99: =IF(C24=0,0,C78/C24) -> 769.63904 | D99: =IF(D24=0,0,D78/D24) -> 0 | E99: =IF(E24=0,0,E78/E24) -> 0 | F99: =IF(F24=0,0,F78/F24) -> 0 | G99: =IF(G24=0,0,G78/G24) -> 0 | H99: =IF(H24=0,0,H78/H24) -> 0

Sheet Rodo Direto Base
B2: Distâncias (km) | C2: Manaus (via Belém) | D2: Fortaleza | E2: Recife | F2: Salvador | G2: Rio de Janeiro | H2: São Paulo
B3: Manaus (via Belém) | D3: ='Distancia Rodo'!D34 -> 1523 | E3: ='Distancia Rodo'!E34 -> 2042 | F3: ='Distancia Rodo'!F34 -> 2069 | G3: ='Distancia Rodo'!G34 -> 3122 | H3: ='Distancia Rodo'!H34 -> 2906
B4: Fortaleza | C4: ='Distancia Rodo'!C35 -> 1523 | E4: ='Distancia Rodo'!E35 -> 782 | F4: ='Distancia Rodo'!F35 -> 1183 | G4: ='Distancia Rodo'!G35 -> 2582 | H4: ='Distancia Rodo'!H35 -> 3085
B5: Recife | C5: ='Distancia Rodo'!C36 -> 2042 | D5: ='Distancia Rodo'!D36 -> 782 | F5: ='Distancia Rodo'!F36 -> 847 | G5: ='Distancia Rodo'!G36 -> 2320 | H5: ='Distancia Rodo'!H36 -> 2648
B6: Salvador | C6: ='Distancia Rodo'!C37 -> 2069 | D6: ='Distancia Rodo'!D37 -> 1183 | E6: ='Distancia Rodo'!E37 -> 847 | G6: ='Distancia Rodo'!G37 -> 1633 | H6: ='Distancia Rodo'!H37 -> 1929
B7: Rio de Janeiro | C7: ='Distancia Rodo'!C38 -> 3122 | D7: ='Distancia Rodo'!D38 -> 2582 | E7: ='Distancia Rodo'!E38 -> 2320 | F7: ='Distancia Rodo'!F38 -> 1633 | H7: ='Distancia Rodo'!H38 -> 434
B8: São Paulo | C8: ='Distancia Rodo'!C39 -> 2906 | D8: ='Distancia Rodo'!D39 -> 3085 | E8: ='Distancia Rodo'!E39 -> 2648 | F8: ='Distancia Rodo'!F39 -> 1929 | G8: ='Distancia Rodo'!G39 -> 434
B10: Transporte Semanal | C10: BRMAO | D10: BRPEC | E10: BRSUA | F10: BRSSA | G10: BRIGI | H10: BRSSZ | I10: Total Origem
B11: BRMAO | C11: ='Movimentacao de Conteineres'!K30 -> 0 | D11: ='Movimentacao de Conteineres'!L30 -> 175 | E11: ='Movimentacao de Conteineres'!M30 -> 156 | F11: ='Movimentacao de Conteineres'!N30 -> 0 | G11: ='Movimentacao de Conteineres'!O30 -> 226 | H11: ='Movimentacao de Conteineres'!P30 -> 648 | I11: =SUM(C11:H11) -> 1205
B12: BRPEC | C12: ='Movimentacao de Conteineres'!K31 -> 260 | D12: ='Movimentacao de Conteineres'!L31 -> 0 | E12: ='Movimentacao de Conteineres'!M31 -> 0 | F12: ='Movimentacao de Conteineres'!N31 -> 0 | G12: ='Movimentacao de Conteineres'!O31 -> 20 | H12: ='Movimentacao de Conteineres'!P31 -> 136 | I12: =SUM(C12:H12) -> 416
B13: BRSUA | C13: ='Movimentacao de Conteineres'!K32 -> 331 | D13: ='Movimentacao de Conteineres'!L32 -> 0 | E13: ='Movimentacao de Conteineres'!M32 -> 0 | F13: ='Movimentacao de Conteineres'!N32 -> 0 | G13: ='Movimentacao de Conteineres'!O32 -> 30 | H13: ='Movimentacao de Conteineres'!P32 -> 58 | I13: =SUM(C13:H13) -> 419
B14: BRSSA | C14: ='Movimentacao de Conteineres'!K33 -> 86 | D14: ='Movimentacao de Conteineres'!L33 -> 9 | E14: ='Movimentacao de Conteineres'!M33 -> 1 | F14: ='Movimentacao de Conteineres'!N33 -> 0 | G14: ='Movimentacao de Conteineres'!O33 -> 0 | H14: ='Movimentacao de Conteineres'!P33 -> 0 | I14: =SUM(C14:H14) -> 96
B15: BRIGI | C15: ='Movimentacao de Conteineres'!K34 -> 61 | D15: ='Movimentacao de Conteineres'!L34 -> 120 | E15: ='Movimentacao de Conteineres'!M34 -> 119 | F15: ='Movimentacao de Conteineres'!N34 -> 47 | G15: ='Movimentacao de Conteineres'!O34 -> 0 | H15: ='Movimentacao de Conteineres'!P34 -> 0 | I15: =SUM(C15:H15) -> 347
B16: BRSSZ | C16: ='Movimentacao de Conteineres'!K35 -> 229 | D16: ='Movimentacao de Conteineres'!L35 -> 221 | E16: ='Movimentacao de Conteineres'!M35 -> 272 | F16: ='Movimentacao de Conteineres'!N35 -> 102 | G16: ='Movimentacao de Conteineres'!O35 -> 0 | H16: ='Movimentacao de Conteineres'!P35 -> 0 | I16: =SUM(C16:H16) -> 824
B17: Total Destino | C17: =SUM(C11:C16) -> 967 | D17: =SUM(D11:D16) -> 525 | E17: =SUM(E11:E16) -> 548 | F17: =SUM(F11:F16) -> 149 | G17: =SUM(G11:G16) -> 276 | H17: =SUM(H11:H16) -> 842 | I17: =SUM(I11:I16) -> 3307
B19: km Rodoviário Direto | C19: Manaus (via Belém) | D19: Fortaleza | E19: Recife | F19: Salvador | G19: Rio de Janeiro | H19: São Paulo | I19: Total Origem (km)
B20: Manaus (via Belém) | D20: =D3*D11 -> 266525 | E20: =E3*E11 -> 318552 | F20: =F3*F11 -> 0 | G20: =G3*G11 -> 705572 | H20: =H3*H11 -> 1883088 | I20: =SUM(C20:H20) -> 3173737
B21: Fortaleza | C21: =C4*C12 -> 395980 | E21: =E4*E12 -> 0 | F21: =F4*F12 -> 0 | G21: =G4*G12 -> 51640 | H21: =H4*H12 -> 419560 | I21: =SUM(C21:H21) -> 867180
B22: Recife | C22: =C5*C13 -> 675902 | D22: =D5*D13 -> 0 | F22: =F5*F13 -> 0 | G22: =G5*G13 -> 69600 | H22: =H5*H13 -> 153584 | I22: =SUM(C22:H22) -> 899086
B23: Salvador | C23: =C6*C14 -> 177934 | D23: =D6*D14 -> 10647 | E23: =E6*E14 -> 847 | G23: =G6*G14 -> 0 | H23: =H6*H14 -> 0 | I23: =SUM(C23:H23) -> 189428
B24: Rio de Janeiro | C24: =C7*C15 -> 190442 | D24: =D7*D15 -> 309840 | E24: =E7*E15 -> 276080 | F24: =F7*F15 -> 76751 | H24: =H7*H15 -> 0 | I24: =SUM(C24:H24) -> 853113
B25: São Paulo | C25: =C8*C16 -> 665474 | D25: =D8*D16 -> 681785 | E25: =E8*E16 -> 720256 | F25: =F8*F16 -> 196758 | G25: =G8*G16 -> 0 | I25: =SUM(C25:H25) -> 2264273
B26: Total Destino (km) | C26: =SUM(C20:C25) -> 2105732 | D26: =SUM(D20:D25) -> 1268797 | E26: =SUM(E20:E25) -> 1315735 | F26: =SUM(F20:F25) -> 273509 | G26: =SUM(G20:G25) -> 826812 | H26: =SUM(H20:H25) -> 2456232 | I26: =SUM(I20:I25) -> 8246817
B29: Cálculo das Emissões - Diesel
B31: Fator de emissão de CO2 modal Rodoviário | E31: ='Fatores Emissao'!$L$7 -> 0.72105263 | F31: kg CO2/km
B32: Emissão de CO2 (kg) | C32: Manaus (via Belém) | D32: Fortaleza | E32: Recife | F32: Salvador | G32: Rio de Janeiro | H32: São Paulo | I32: Total Origem CO2 (kg)
B33: Manaus (via Belém) | D33: =D20*$E$31 -> 192178.55 | E33: =E20*$E$31 -> 229692.76 | F33: =F20*$E$31 -> 0 | G33: =G20*$E$31 -> 508754.55 | H33: =H20*$E$31 -> 1357805.6 | I33: =SUM(C33:H33) -> 2288431.4
B34: Fortaleza | C34: =C21*$E$31 -> 285522.42 | E34: =E21*$E$31 -> 0 | F34: =F21*$E$31 -> 0 | G34: =G21*$E$31 -> 37235.158 | H34: =H21*$E$31 -> 302524.84 | I34: =SUM(C34:H34) -> 625282.42
B35: Recife | C35: =C22*$E$31 -> 487360.92 | D35: =D22*$E$31 -> 0 | F35: =F22*$E$31 -> 0 | G35: =G22*$E$31 -> 50185.263 | H35: =H22*$E$31 -> 110742.15 | I35: =SUM(C35:H35) -> 648288.33
B36: Salvador | C36: =C23*$E$31 -> 128299.78 | D36: =D23*$E$31 -> 7677.0474 | E36: =E23*$E$31 -> 610.73158 | G36: =G23*$E$31 -> 0 | H36: =H23*$E$31 -> 0 | I36: =SUM(C36:H36) -> 136587.56
B37: Rio de Janeiro | C37: =C24*$E$31 -> 137318.71 | D37: =D24*$E$31 -> 223410.95 | E37: =E24*$E$31 -> 199068.21 | F37: =F24*$E$31 -> 55341.511 | H37: =H24*$E$31 -> 0 | I37: =SUM(C37:H37) -> 615139.37
B38: São Paulo | C38: =C25*$E$31 -> 479841.78 | D38: =D25*$E$31 -> 491602.87 | E38: =E25*$E$31 -> 519342.48 | F38: =F25*$E$31 -> 141872.87 | G38: =G25*$E$31 -> 0 | I38: =SUM(C38:H38) -> 1632660
B39: Total Destino CO2 (kg) | C39: =SUM(C33:C38) -> 1518343.6 | D39: =SUM(D33:D38) -> 914869.42 | E39: =SUM(E33:E38) -> 948714.18 | F39: =SUM(F33:F38) -> 197214.38 | G39: =SUM(G33:G38) -> 596174.97 | H39: =SUM(H33:H38) -> 1771072.5 | I39: =SUM(I33:I38) -> 5946389.1
B42: Fator de emissão de CH4 modal Rodoviário | E42: ='Fatores Emissao'!$F$7 -> 0.06 | F42: g CH4/km
B43: Emissão de CH4 (kg) | C43: Manaus (via Belém) | D43: Fortaleza | E43: Recife | F43: Salvador | G43: Rio de Janeiro | H43: São Paulo | I43: Total Origem CH4 (kg)
B44: Manaus (via Belém) | D44: =D20*$E$42/1000 -> 15.9915 | E44: =E20*$E$42/1000 -> 19.11312 | F44: =F20*$E$42/1000 -> 0 | G44: =G20*$E$42/1000 -> 42.33432 | H44: =H20*$E$42/1000 -> 112.98528 | I44: =SUM(C44:H44) -> 190.42422
B45: Fortaleza | C45: =C21*$E$42/1000 -> 23.7588 | E45: =E21*$E$42/1000 -> 0 | F45: =F21*$E$42/1000 -> 0 | G45: =G21*$E$42/1000 -> 3.0984 | H45: =H21*$E$42/1000 -> 25.1736 | I45: =SUM(C45:H45) -> 52.0308
B46: Recife | C46: =C22*$E$42/1000 -> 40.55412 | D46: =D22*$E$42/1000 -> 0 | F46: =F22*$E$42/1000 -> 0 | G46: =G22*$E$42/1000 -> 4.176 | H46: =H22*$E$42/1000 -> 9.21504 | I46: =SUM(C46:H46) -> 53.94516
B47: Salvador | C47: =C23*$E$42/1000 -> 10.67604 | D47: =D23*$E$42/1000 -> 0.63882 | E47: =E23*$E$42/1000 -> 0.05082 | G47: =G23*$E$42/1000 -> 0 | H47: =H23*$E$42/1000 -> 0 | I47: =SUM(C47:H47) -> 11.36568
B48: Rio de Janeiro | C48: =C24*$E$42/1000 -> 11.42652 | D48: =D24*$E$42/1000 -> 18.5904 | E48: =E24*$E$42/1000 -> 16.5648 | F48: =F24*$E$42/1000 -> 4.60506 | H48: =H24*$E$42/1000 -> 0 | I48: =SUM(C48:H48) -> 51.18678
B49: São Paulo | C49: =C25*$E$42/1000 -> 39.92844 | D49: =D25*$E$42/1000 -> 40.9071 | E49: =E25*$E$42/1000 -> 43.21536 | F49: =F25*$E$42/1000 -> 11.80548 | G49: =G25*$E$42/1000 -> 0 | I49: =SUM(C49:H49) -> 135.85638
B50: Total Destino CH4 (kg) | C50: =SUM(C44:C49) -> 126.34392 | D50: =SUM(D44:D49) -> 76.12782 | E50: =SUM(E44:E49) -> 78.9441 | F50: =SUM(F44:F49) -> 16.41054 | G50: =SUM(G44:G49) -> 49.60872 | H50: =SUM(H44:H49) -> 147.37392 | I50: =SUM(I44:I49) -> 494.80902
B53: Fator de emissão de N2O modal Rodoviário | E53: ='Fatores Emissao'!$I$7 -> 0.03 | F53: g N2O/km
B54: Emissão de N2O (kg) | C54: Manaus (via Belém) | D54: Fortaleza | E54: Recife | F54: Salvador | G54: Rio de Janeiro | H54: São Paulo | I54: Total Origem N2O (kg)
B55: Manaus (via Belém) | D55: =D20*$E$53/1000 -> 7.99575 | E55: =E20*$E$53/1000 -> 9.55656 | F55: =F20*$E$53/1000 -> 0 | G55: =G20*$E$53/1000 -> 21.16716 | H55: =H20*$E$53/1000 -> 56.49264 | I55: =SUM(C55:H55) -> 95.21211
B56: Fortaleza | C56: =C21*$E$53/1000 -> 11.8794 | E56: =E21*$E$53/1000 -> 0 | F56: =F21*$E$53/1000 -> 0 | G56: =G21*$E$53/1000 -> 1.5492 | H56: =H21*$E$53/1000 -> 12.5868 | I56: =SUM(C56:H56) -> 26.0154
B57: Recife | C57: =C22*$E$53/1000 -> 20.27706 | D57: =D22*$E$53/1000 -> 0 | F57: =F22*$E$53/1000 -> 0 | G57: =G22*$E$53/1000 -> 2.088 | H57: =H22*$E$53/1000 -> 4.60752 | I57: =SUM(C57:H57) -> 26.97258
B58: Salvador | C58: =C23*$E$53/1000 -> 5.33802 | D58: =D23*$E$53/1000 -> 0.31941 | E58: =E23*$E$53/1000 -> 0.02541 | G58: =G23*$E$53/1000 -> 0 | H58: =H23*$E$53/1000 -> 0 | I58: =SUM(C58:H58) -> 5.68284
B59: Rio de Janeiro | C59: =C24*$E$53/1000 -> 5.71326 | D59: =D24*$E$53/1000 -> 9.2952 | E59: =E24*$E$53/1000 -> 8.2824 | F59: =F24*$E$53/1000 -> 2.30253 | H59: =H24*$E$53/1000 -> 0 | I59: =SUM(C59:H59) -> 25.59339
B60: São Paulo | C60: =C25*$E$53/1000 -> 19.96422 | D60: =D25*$E$53/1000 -> 20.45355 | E60: =E25*$E$53/1000 -> 21.60768 | F60: =F25*$E$53/1000 -> 5.90274 | G60: =G25*$E$53/1000 -> 0 | I60: =SUM(C60:H60) -> 67.92819
B61: Total Destino N2O (kg) | C61: =SUM(C55:C60) -> 63.17196 | D61: =SUM(D55:D60) -> 38.06391 | E61: =SUM(E55:E60) -> 39.47205 | F61: =SUM(F55:F60) -> 8.20527 | G61: =SUM(G55:G60) -> 24.80436 | H61: =SUM(H55:H60) -> 73.68696 | I61: =SUM(I55:I60) -> 247.40451
B64: Cálculo das Emissões - Diesel
B66: GEE | C66: GWP (AR5)
B67: Dióxido de Carbono (CO2) | C67: ='Fatores Emissao'!O6 -> 1
B68: Metano (CH4) | C68: ='Fatores Emissao'!O7 -> 28
B69: Óxido Nitroso (N2O) | C69: ='Fatores Emissao'!O8 -> 265
B71: Emissão Semanal Total do Transporte Rodoviário no Cenário Base (kg CO2e)
B72: Cidade | C72: Manaus (via Belém) | D72: Fortaleza | E72: Recife | F72: Salvador | G72: Rio de Janeiro | H72: São Paulo | I72: Total Origem CO2e (kg)
B73: Manaus (via Belém) | C73: =C33*$C$67+C44*$C$68+C55*$C$69 -> 0 | D73: =D33*$C$67+D44*$C$68+D55*$C$69 -> 194745.19 | E73: =E33*$C$67+E44*$C$68+E55*$C$69 -> 232760.41 | F73: =F33*$C$67+F44*$C$68+F55*$C$69 -> 0 | G73: =G33*$C$67+G44*$C$68+G55*$C$69 -> 515549.21 | H73: =H33*$C$67+H44*$C$68+H55*$C$69 -> 1375939.7 | I73: =SUM(C73:H73) -> 2318994.5
B74: Fortaleza | C74: =C34*$C$67+C45*$C$68+C56*$C$69 -> 289335.71 | D74: =D34*$C$67+D45*$C$68+D56*$C$69 -> 0 | E74: =E34*$C$67+E45*$C$68+E56*$C$69 -> 0 | F74: =F34*$C$67+F45*$C$68+F56*$C$69 -> 0 | G74: =G34*$C$67+G45*$C$68+G56*$C$69 -> 37732.451 | H74: =H34*$C$67+H45*$C$68+H56*$C$69 -> 306565.2 | I74: =SUM(C74:H74) -> 633633.36
B75: Recife | C75: =C35*$C$67+C46*$C$68+C57*$C$69 -> 493869.85 | D75: =D35*$C$67+D46*$C$68+D57*$C$69 -> 0 | E75: =E35*$C$67+E46*$C$68+E57*$C$69 -> 0 | F75: =F35*$C$67+F46*$C$68+F57*$C$69 -> 0 | G75: =G35*$C$67+G46*$C$68+G57*$C$69 -> 50855.511 | H75: =H35*$C$67+H46*$C$68+H57*$C$69 -> 112221.16 | I75: =SUM(C75:H75) -> 656946.52
B76: Salvador | C76: =C36*$C$67+C47*$C$68+C58*$C$69 -> 130013.28 | D76: =D36*$C$67+D47*$C$68+D58*$C$69 -> 7779.578 | E76: =E36*$C$67+E47*$C$68+E58*$C$69 -> 618.88819 | F76: =F36*$C$67+F47*$C$68+F58*$C$69 -> 0 | G76: =G36*$C$67+G47*$C$68+G58*$C$69 -> 0 | H76: =H36*$C$67+H47*$C$68+H58*$C$69 -> 0 | I76: =SUM(C76:H76) -> 138411.75
B77: Rio de Janeiro | C77: =C37*$C$67+C48*$C$68+C59*$C$69 -> 139152.66 | D77: =D37*$C$67+D48*$C$68+D59*$C$69 -> 226394.71 | E77: =E37*$C$67+E48*$C$68+E59*$C$69 -> 201726.86 | F77: =F37*$C$67+F48*$C$68+F59*$C$69 -> 56080.623 | G77: =G37*$C$67+G48*$C$68+G59*$C$69 -> 0 | H77: =H37*$C$67+H48*$C$68+H59*$C$69 -> 0 | I77: =SUM(C77:H77) -> 623354.85
B78: São Paulo | C78: =C38*$C$67+C49*$C$68+C60*$C$69 -> 486250.29 | D78: =D38*$C$67+D49*$C$68+D60*$C$69 -> 498168.46 | E78: =E38*$C$67+E49*$C$68+E60*$C$69 -> 526278.55 | F78: =F38*$C$67+F49*$C$68+F60*$C$69 -> 143767.65 | G78: =G38*$C$67+G49*$C$68+G60*$C$69 -> 0 | H78: =H38*$C$67+H49*$C$68+H60*$C$69 -> 0 | I78: =SUM(C78:H78) -> 1654465
B79: Total Destino CO2e (kg) | C79: =SUM(C73:C78) -> 1538621.8 | D79: =SUM(D73:D78) -> 927087.93 | E79: =SUM(E73:E78) -> 961384.71 | F79: =SUM(F73:F78) -> 199848.28 | G79: =SUM(G73:G78) -> 604137.17 | H79: =SUM(H73:H78) -> 1794726.1 | I79: =SUM(I73:I78) -> 6025805.9 | K79: =I79*52/1000000 -> 313.34191
B81: Participação das Cidades na Emissão Semanal do Transporte Rodoviário Direto no Cenário Base (kg CO2e)
B82: Emissão de CO2e (%) | C82: Manaus (via Belém) | D82: Fortaleza | E82: Recife | F82: Salvador | G82: Rio de Janeiro | H82: São Paulo | I82: Total Origem CO2e (%)
B83: Manaus (via Belém) | D83: =D73/$I$79 -> 0.03231853 | E83: =E73/$I$79 -> 0.038627267 | F83: =F73/$I$79 -> 0 | G83: =G73/$I$79 -> 0.085556888 | H83: =H73/$I$79 -> 0.22834119 | I83: =SUM(C83:H83) -> 0.38484387
B84: Fortaleza | C84: =C74/$I$79 -> 0.048016101 | E84: =E74/$I$79 -> 0 | F84: =F74/$I$79 -> 0 | G84: =G74/$I$79 -> 0.0062618099 | H84: =H74/$I$79 -> 0.050875386 | I84: =SUM(C84:H84) -> 0.1051533
B85: Recife | C85: =C75/$I$79 -> 0.081959136 | D85: =(D45+'Hidroviario Base C1'!D45)*$C$67+(D56+'Hidroviario Base C1'!D56)*$C$68+(D69+M69)*$C$69 -> 0 | F85: =F75/$I$79 -> 0 | G85: =G75/$I$79 -> 0.0084396198 | H85: =H75/$I$79 -> 0.018623428 | I85: =SUM(C85:H85) -> 0.10902218
B86: Salvador | C86: =C76/$I$79 -> 0.021576082 | D86: =D76/$I$79 -> 0.0012910436 | E86: =E76/$I$79 -> 0.00010270629 | G86: =G76/$I$79 -> 0 | H86: =H76/$I$79 -> 0 | I86: =SUM(C86:H86) -> 0.022969832
B87: Rio de Janeiro | C87: =C77/$I$79 -> 0.023092788 | D87: =D77/$I$79 -> 0.037570859 | E87: =E77/$I$79 -> 0.033477159 | F87: =F77/$I$79 -> 0.0093067422 | H87: =H77/$I$79 -> 0 | I87: =SUM(C87:H87) -> 0.10344755
B88: São Paulo | C88: =C78/$I$79 -> 0.080694649 | D88: =D78/$I$79 -> 0.082672503 | E88: =E78/$I$79 -> 0.087337454 | F88: =F78/$I$79 -> 0.02385866 | G88: =G78/$I$79 -> 0 | I88: =SUM(C88:H88) -> 0.27456326
B89: Total Destino CO2e (%) | C89: =SUM(C83:C88) -> 0.25533876 | D89: =SUM(D83:D88) -> 0.15385294 | E89: =SUM(E83:E88) -> 0.15954459 | F89: =SUM(F83:F88) -> 0.033165402 | G89: =SUM(G83:G88) -> 0.10025832 | H89: =SUM(H83:H88) -> 0.29784 | I89: =SUM(I83:I88) -> 1
B92: Emissão de CO2e no Transporte Rodoviário Direto por Contêiner - Cenário Base (kg/contêiner)
B93: Cidade | C93: Manaus (via Belém) | D93: Fortaleza | E93: Recife | F93: Salvador | G93: Rio de Janeiro | H93: São Paulo
B94: Manaus (via Belém) | D94: =D73/D11 -> 1112.8296 | E94: =E73/E11 -> 1492.0539 | G94: =G73/G11 -> 2281.1912 | H94: =H73/H11 -> 2123.3637
B95: Fortaleza | C95: =C74/C12 -> 1112.8296 | G95: =G74/G12 -> 1886.6226 | H95: =H74/H12 -> 2254.1559
B96: Recife | C96: =C75/C13 -> 1492.0539 | G96: =G75/G13 -> 1695.1837 | H96: =H75/H13 -> 1934.8476
B97: Salvador | C97: =C76/C14 -> 1511.7824 | D97: =D76/D14 -> 864.39755 | E97: =E76/E14 -> 618.88819
B98: Rio de Janeiro | C98: =C77/C15 -> 2281.1912 | D98: =D77/D15 -> 1886.6226 | E98: =E77/E15 -> 1695.1837 | F98: =F77/F15 -> 1193.2047
B99: São Paulo | C99: =C78/C16 -> 2123.3637 | D99: =D78/D16 -> 2254.1559 | E99: =E78/E16 -> 1934.8476 | F99: =F78/F16 -> 1409.4868

Sheet Rodo Direto C1
B2: Distâncias (km) | C2: Manaus (via Belém) | D2: Fortaleza | E2: Recife | F2: Salvador | G2: Rio de Janeiro | H2: São Paulo
B3: Manaus (via Belém) | D3: ='Distancia Rodo'!D34 -> 1523 | E3: ='Distancia Rodo'!E34 -> 2042 | F3: ='Distancia Rodo'!F34 -> 2069 | G3: ='Distancia Rodo'!G34 -> 3122 | H3: ='Distancia Rodo'!H34 -> 2906
B4: Fortaleza | C4: ='Distancia Rodo'!C35 -> 1523 | E4: ='Distancia Rodo'!E35 -> 782 | F4: ='Distancia Rodo'!F35 -> 1183 | G4: ='Distancia Rodo'!G35 -> 2582 | H4: ='Distancia Rodo'!H35 -> 3085
B5: Recife | C5: ='Distancia Rodo'!C36 -> 2042 | D5: ='Distancia Rodo'!D36 -> 782 | F5: ='Distancia Rodo'!F36 -> 847 | G5: ='Distancia Rodo'!G36 -> 2320 | H5: ='Distancia Rodo'!H36 -> 2648
B6: Salvador | C6: ='Distancia Rodo'!C37 -> 2069 | D6: ='Distancia Rodo'!D37 -> 1183 | E6: ='Distancia Rodo'!E37 -> 847 | G6: ='Distancia Rodo'!G37 -> 1633 | H6: ='Distancia Rodo'!H37 -> 1929
B7: Rio de Janeiro | C7: ='Distancia Rodo'!C38 -> 3122 | D7: ='Distancia Rodo'!D38 -> 2582 | E7: ='Distancia Rodo'!E38 -> 2320 | F7: ='Distancia Rodo'!F38 -> 1633 | H7: ='Distancia Rodo'!H38 -> 434
B8: São Paulo | C8: ='Distancia Rodo'!C39 -> 2906 | D8: ='Distancia Rodo'!D39 -> 3085 | E8: ='Distancia Rodo'!E39 -> 2648 | F8: ='Distancia Rodo'!F39 -> 1929 | G8: ='Distancia Rodo'!G39 -> 434
B10: Transporte Semanal | C10: BRMAO | D10: BRPEC | E10: BRSUA | F10: BRSSA | G10: BRIGI | H10: BRSSZ | I10: Total Origem
B11: BRMAO | C11: ='Movimentacao de Conteineres'!K30 -> 0 | D11: ='Movimentacao de Conteineres'!L30 -> 175 | E11: ='Movimentacao de Conteineres'!M30 -> 156 | F11: ='Movimentacao de Conteineres'!N30 -> 0 | G11: ='Movimentacao de Conteineres'!O30 -> 226 | H11: ='Movimentacao de Conteineres'!P30 -> 648 | I11: =SUM(C11:H11) -> 1205
B12: BRPEC | C12: ='Movimentacao de Conteineres'!K31 -> 260 | D12: ='Movimentacao de Conteineres'!L31 -> 0 | E12: ='Movimentacao de Conteineres'!M31 -> 0 | F12: ='Movimentacao de Conteineres'!N31 -> 0 | G12: ='Movimentacao de Conteineres'!O31 -> 20 | H12: ='Movimentacao de Conteineres'!P31 -> 136 | I12: =SUM(C12:H12) -> 416
B13: BRSUA | C13: ='Movimentacao de Conteineres'!K32 -> 331 | D13: ='Movimentacao de Conteineres'!L32 -> 0 | E13: ='Movimentacao de Conteineres'!M32 -> 0 | F13: ='Movimentacao de Conteineres'!N32 -> 0 | G13: ='Movimentacao de Conteineres'!O32 -> 30 | H13: ='Movimentacao de Conteineres'!P32 -> 58 | I13: =SUM(C13:H13) -> 419
B14: BRSSA | C14: ='Movimentacao de Conteineres'!K33 -> 86 | D14: ='Movimentacao de Conteineres'!L33 -> 9 | E14: ='Movimentacao de Conteineres'!M33 -> 1 | F14: ='Movimentacao de Conteineres'!N33 -> 0 | G14: ='Movimentacao de Conteineres'!O33 -> 0 | H14: ='Movimentacao de Conteineres'!P33 -> 0 | I14: =SUM(C14:H14) -> 96
B15: BRIGI | C15: ='Movimentacao de Conteineres'!K34 -> 61 | D15: ='Movimentacao de Conteineres'!L34 -> 120 | E15: ='Movimentacao de Conteineres'!M34 -> 119 | F15: ='Movimentacao de Conteineres'!N34 -> 47 | G15: ='Movimentacao de Conteineres'!O34 -> 0 | H15: ='Movimentacao de Conteineres'!P34 -> 0 | I15: =SUM(C15:H15) -> 347
B16: BRSSZ | C16: ='Movimentacao de Conteineres'!K35 -> 229 | D16: ='Movimentacao de Conteineres'!L35 -> 221 | E16: ='Movimentacao de Conteineres'!M35 -> 272 | F16: ='Movimentacao de Conteineres'!N35 -> 102 | G16: ='Movimentacao de Conteineres'!O35 -> 0 | H16: ='Movimentacao de Conteineres'!P35 -> 0 | I16: =SUM(C16:H16) -> 824
B17: Total Destino | C17: =SUM(C11:C16) -> 967 | D17: =SUM(D11:D16) -> 525 | E17: =SUM(E11:E16) -> 548 | F17: =SUM(F11:F16) -> 149 | G17: =SUM(G11:G16) -> 276 | H17: =SUM(H11:H16) -> 842 | I17: =SUM(I11:I16) -> 3307
B19: km Rodoviário Direto | C19: Manaus (via Belém) | D19: Fortaleza | E19: Recife | F19: Salvador | G19: Rio de Janeiro | H19: São Paulo | I19: Total Origem (km)
B20: Manaus (via Belém) | D20: =D3*D11 -> 266525 | E20: =E3*E11 -> 318552 | F20: =F3*F11 -> 0 | G20: =G3*G11 -> 705572 | H20: =H3*H11 -> 1883088 | I20: =SUM(C20:H20) -> 3173737
B21: Fortaleza | C21: =C4*C12 -> 395980 | E21: =E4*E12 -> 0 | F21: =F4*F12 -> 0 | G21: =G4*G12 -> 51640 | H21: =H4*H12 -> 419560 | I21: =SUM(C21:H21) -> 867180
B22: Recife | C22: =C5*C13 -> 675902 | D22: =D5*D13 -> 0 | F22: =F5*F13 -> 0 | G22: =G5*G13 -> 69600 | H22: =H5*H13 -> 153584 | I22: =SUM(C22:H22) -> 899086
B23: Salvador | C23: =C6*C14 -> 177934 | D23: =D6*D14 -> 10647 | E23: =E6*E14 -> 847 | G23: =G6*G14 -> 0 | H23: =H6*H14 -> 0 | I23: =SUM(C23:H23) -> 189428
B24: Rio de Janeiro | C24: =C7*C15 -> 190442 | D24: =D7*D15 -> 309840 | E24: =E7*E15 -> 276080 | F24: =F7*F15 -> 76751 | H24: =H7*H15 -> 0 | I24: =SUM(C24:H24) -> 853113
B25: São Paulo | C25: =C8*C16 -> 665474 | D25: =D8*D16 -> 681785 | E25: =E8*E16 -> 720256 | F25: =F8*F16 -> 196758 | G25: =G8*G16 -> 0 | I25: =SUM(C25:H25) -> 2264273
B26: Total Destino (km) | C26: =SUM(C20:C25) -> 2105732 | D26: =SUM(D20:D25) -> 1268797 | E26: =SUM(E20:E25) -> 1315735 | F26: =SUM(F20:F25) -> 273509 | G26: =SUM(G20:G25) -> 826812 | H26: =SUM(H20:H25) -> 2456232 | I26: =SUM(I20:I25) -> 8246817
B29: Cálculo das Emissões - GNV
B31: Fator de emissão de CO2 modal Rodoviário | E31: ='Fatores Emissao'!C72 -> 0.55 | F31: kg CO2/km
B32: Emissão de CO2 (kg) | C32: Manaus (via Belém) | D32: Fortaleza | E32: Recife | F32: Salvador | G32: Rio de Janeiro | H32: São Paulo | I32: Total Origem CO2 (kg)
B33: Manaus (via Belém) | D33: =D20*$E$31 -> 146588.75 | E33: =E20*$E$31 -> 175203.6 | F33: =F20*$E$31 -> 0 | G33: =G20*$E$31 -> 388064.6 | H33: =H20*$E$31 -> 1035698.4 | I33: =SUM(C33:H33) -> 1745555.4
B34: Fortaleza | C34: =C21*$E$31 -> 217789 | E34: =E21*$E$31 -> 0 | F34: =F21*$E$31 -> 0 | G34: =G21*$E$31 -> 28402 | H34: =H21*$E$31 -> 230758 | I34: =SUM(C34:H34) -> 476949
B35: Recife | C35: =C22*$E$31 -> 371746.1 | D35: =D22*$E$31 -> 0 | F35: =F22*$E$31 -> 0 | G35: =G22*$E$31 -> 38280 | H35: =H22*$E$31 -> 84471.2 | I35: =SUM(C35:H35) -> 494497.3
B36: Salvador | C36: =C23*$E$31 -> 97863.7 | D36: =D23*$E$31 -> 5855.85 | E36: =E23*$E$31 -> 465.85 | G36: =G23*$E$31 -> 0 | H36: =H23*$E$31 -> 0 | I36: =SUM(C36:H36) -> 104185.4
B37: Rio de Janeiro | C37: =C24*$E$31 -> 104743.1 | D37: =D24*$E$31 -> 170412 | E37: =E24*$E$31 -> 151844 | F37: =F24*$E$31 -> 42213.05 | H37: =H24*$E$31 -> 0 | I37: =SUM(C37:H37) -> 469212.15
B38: São Paulo | C38: =C25*$E$31 -> 366010.7 | D38: =D25*$E$31 -> 374981.75 | E38: =E25*$E$31 -> 396140.8 | F38: =F25*$E$31 -> 108216.9 | G38: =G25*$E$31 -> 0 | I38: =SUM(C38:H38) -> 1245350.1
B39: Total Destino CO2 (kg) | C39: =SUM(C33:C38) -> 1158152.6 | D39: =SUM(D33:D38) -> 697838.35 | E39: =SUM(E33:E38) -> 723654.25 | F39: =SUM(F33:F38) -> 150429.95 | G39: =SUM(G33:G38) -> 454746.6 | H39: =SUM(H33:H38) -> 1350927.6 | I39: =SUM(I33:I38) -> 4535749.3
B42: Fator de emissão de CH4 modal Rodoviário | E42: ='Fatores Emissao'!D72 -> 3.7 | F42: g CH4/km
B43: Emissão de CH4 (kg) | C43: Manaus (via Belém) | D43: Fortaleza | E43: Recife | F43: Salvador | G43: Rio de Janeiro | H43: São Paulo | I43: Total Origem CH4 (kg)
B44: Manaus (via Belém) | D44: =D20*$E$42/1000 -> 986.1425 | E44: =E20*$E$42/1000 -> 1178.6424 | F44: =F20*$E$42/1000 -> 0 | G44: =G20*$E$42/1000 -> 2610.6164 | H44: =H20*$E$42/1000 -> 6967.4256 | I44: =SUM(C44:H44) -> 11742.827
B45: Fortaleza | C45: =C21*$E$42/1000 -> 1465.126 | E45: =E21*$E$42/1000 -> 0 | F45: =F21*$E$42/1000 -> 0 | G45: =G21*$E$42/1000 -> 191.068 | H45: =H21*$E$42/1000 -> 1552.372 | I45: =SUM(C45:H45) -> 3208.566
B46: Recife | C46: =C22*$E$42/1000 -> 2500.8374 | D46: =D22*$E$42/1000 -> 0 | F46: =F22*$E$42/1000 -> 0 | G46: =G22*$E$42/1000 -> 257.52 | H46: =H22*$E$42/1000 -> 568.2608 | I46: =SUM(C46:H46) -> 3326.6182
B47: Salvador | C47: =C23*$E$42/1000 -> 658.3558 | D47: =D23*$E$42/1000 -> 39.3939 | E47: =E23*$E$42/1000 -> 3.1339 | G47: =G23*$E$42/1000 -> 0 | H47: =H23*$E$42/1000 -> 0 | I47: =SUM(C47:H47) -> 700.8836
B48: Rio de Janeiro | C48: =C24*$E$42/1000 -> 704.6354 | D48: =D24*$E$42/1000 -> 1146.408 | E48: =E24*$E$42/1000 -> 1021.496 | F48: =F24*$E$42/1000 -> 283.9787 | H48: =H24*$E$42/1000 -> 0 | I48: =SUM(C48:H48) -> 3156.5181
B49: São Paulo | C49: =C25*$E$42/1000 -> 2462.2538 | D49: =D25*$E$42/1000 -> 2522.6045 | E49: =E25*$E$42/1000 -> 2664.9472 | F49: =F25*$E$42/1000 -> 728.0046 | G49: =G25*$E$42/1000 -> 0 | I49: =SUM(C49:H49) -> 8377.8101
B50: Total Destino CH4 (kg) | C50: =SUM(C44:C49) -> 7791.2084 | D50: =SUM(D44:D49) -> 4694.5489 | E50: =SUM(E44:E49) -> 4868.2195 | F50: =SUM(F44:F49) -> 1011.9833 | G50: =SUM(G44:G49) -> 3059.2044 | H50: =SUM(H44:H49) -> 9088.0584 | I50: =SUM(I44:I49) -> 30513.223
B53: Fator de emissão de N2O modal Rodoviário | E53: ='Fatores Emissao'!E72 -> 0.001 | F53: g N2O/km
B54: Emissão de N2O (kg) | C54: Manaus (via Belém) | D54: Fortaleza | E54: Recife | F54: Salvador | G54: Rio de Janeiro | H54: São Paulo | I54: Total Origem N2O (kg)
B55: Manaus (via Belém) | D55: =D20*$E$53/1000 -> 0.266525 | E55: =E20*$E$53/1000 -> 0.318552 | F55: =F20*$E$53/1000 -> 0 | G55: =G20*$E$53/1000 -> 0.705572 | H55: =H20*$E$53/1000 -> 1.883088 | I55: =SUM(C55:H55) -> 3.173737
B56: Fortaleza | C56: =C21*$E$53/1000 -> 0.39598 | E56: =E21*$E$53/1000 -> 0 | F56: =F21*$E$53/1000 -> 0 | G56: =G21*$E$53/1000 -> 0.05164 | H56: =H21*$E$53/1000 -> 0.41956 | I56: =SUM(C56:H56) -> 0.86718
B57: Recife | C57: =C22*$E$53/1000 -> 0.675902 | D57: =D22*$E$53/1000 -> 0 | F57: =F22*$E$53/1000 -> 0 | G57: =G22*$E$53/1000 -> 0.0696 | H57: =H22*$E$53/1000 -> 0.153584 | I57: =SUM(C57:H57) -> 0.899086
B58: Salvador | C58: =C23*$E$53/1000 -> 0.177934 | D58: =D23*$E$53/1000 -> 0.010647 | E58: =E23*$E$53/1000 -> 0.000847 | G58: =G23*$E$53/1000 -> 0 | H58: =H23*$E$53/1000 -> 0 | I58: =SUM(C58:H58) -> 0.189428
B59: Rio de Janeiro | C59: =C24*$E$53/1000 -> 0.190442 | D59: =D24*$E$53/1000 -> 0.30984 | E59: =E24*$E$53/1000 -> 0.27608 | F59: =F24*$E$53/1000 -> 0.076751 | H59: =H24*$E$53/1000 -> 0 | I59: =SUM(C59:H59) -> 0.853113
B60: São Paulo | C60: =C25*$E$53/1000 -> 0.665474 | D60: =D25*$E$53/1000 -> 0.681785 | E60: =E25*$E$53/1000 -> 0.720256 | F60: =F25*$E$53/1000 -> 0.196758 | G60: =G25*$E$53/1000 -> 0 | I60: =SUM(C60:H60) -> 2.264273
B61: Total Destino N2O (kg) | C61: =SUM(C55:C60) -> 2.105732 | D61: =SUM(D55:D60) -> 1.268797 | E61: =SUM(E55:E60) -> 1.315735 | F61: =SUM(F55:F60) -> 0.273509 | G61: =SUM(G55:G60) -> 0.826812 | H61: =SUM(H55:H60) -> 2.456232 | I61: =SUM(I55:I60) -> 8.246817
B64: Cálculo das Emissões - GNV
B66: GEE | C66: GWP (AR5)
B67: Dióxido de Carbono (CO2) | C67: ='Fatores Emissao'!O6 -> 1
B68: Metano (CH4) | C68: ='Fatores Emissao'!O7 -> 28
B69: Óxido Nitroso (N2O) | C69: ='Fatores Emissao'!O8 -> 265
B72: Emissão de CO2e (kg) | C72: Manaus (via Belém) | D72: Fortaleza | E72: Recife | F72: Salvador | G72: Rio de Janeiro | H72: São Paulo | I72: Total Origem CO2e (kg)
B73: Manaus (via Belém) | C73: =C33*$C$67+C44*$C$68+C55*$C$69 -> 0 | D73: =D33*$C$67+D44*$C$68+D55*$C$69 -> 174271.37 | E73: =E33*$C$67+E44*$C$68+E55*$C$69 -> 208290 | F73: =F33*$C$67+F44*$C$68+F55*$C$69 -> 0 | G73: =G33*$C$67+G44*$C$68+G55*$C$69 -> 461348.84 | H73: =H33*$C$67+H44*$C$68+H55*$C$69 -> 1231285.3 | I73: =SUM(C73:H73) -> 2075195.5
B74: Fortaleza | C74: =C34*$C$67+C45*$C$68+C56*$C$69 -> 258917.46 | D74: =D34*$C$67+D45*$C$68+D56*$C$69 -> 0 | E74: =E34*$C$67+E45*$C$68+E56*$C$69 -> 0 | F74: =F34*$C$67+F45*$C$68+F56*$C$69 -> 0 | G74: =G34*$C$67+G45*$C$68+G56*$C$69 -> 33765.589 | H74: =H34*$C$67+H45*$C$68+H56*$C$69 -> 274335.6 | I74: =SUM(C74:H74) -> 567018.65
B75: Recife | C75: =C35*$C$67+C46*$C$68+C57*$C$69 -> 441948.66 | D75: =D35*$C$67+D46*$C$68+D57*$C$69 -> 0 | E75: =E35*$C$67+E46*$C$68+E57*$C$69 -> 0 | F75: =F35*$C$67+F46*$C$68+F57*$C$69 -> 0 | G75: =G35*$C$67+G46*$C$68+G57*$C$69 -> 45509.004 | H75: =H35*$C$67+H46*$C$68+H57*$C$69 -> 100423.2 | I75: =SUM(C75:H75) -> 587880.87
B76: Salvador | C76: =C36*$C$67+C47*$C$68+C58*$C$69 -> 116344.81 | D76: =D36*$C$67+D47*$C$68+D58*$C$69 -> 6961.7007 | E76: =E36*$C$67+E47*$C$68+E58*$C$69 -> 553.82366 | F76: =F36*$C$67+F47*$C$68+F58*$C$69 -> 0 | G76: =G36*$C$67+G47*$C$68+G58*$C$69 -> 0 | H76: =H36*$C$67+H47*$C$68+H58*$C$69 -> 0 | I76: =SUM(C76:H76) -> 123860.34
B77: Rio de Janeiro | C77: =C37*$C$67+C48*$C$68+C59*$C$69 -> 124523.36 | D77: =D37*$C$67+D48*$C$68+D59*$C$69 -> 202593.53 | E77: =E37*$C$67+E48*$C$68+E59*$C$69 -> 180519.05 | F77: =F37*$C$67+F48*$C$68+F59*$C$69 -> 50184.793 | G77: =G37*$C$67+G48*$C$68+G59*$C$69 -> 0 | H77: =H37*$C$67+H48*$C$68+H59*$C$69 -> 0 | I77: =SUM(C77:H77) -> 557820.73
B78: São Paulo | C78: =C38*$C$67+C49*$C$68+C60*$C$69 -> 435130.16 | D78: =D38*$C$67+D49*$C$68+D60*$C$69 -> 445795.35 | E78: =E38*$C$67+E49*$C$68+E60*$C$69 -> 470950.19 | F78: =F38*$C$67+F49*$C$68+F60*$C$69 -> 128653.17 | G78: =G38*$C$67+G49*$C$68+G60*$C$69 -> 0 | H78: =H38*$C$67+H49*$C$68+H60*$C$69 -> 0 | I78: =SUM(C78:H78) -> 1480528.9
B79: Total Destino CO2e (kg) | C79: =SUM(C73:C78) -> 1376864.5 | D79: =SUM(D73:D78) -> 829621.95 | E79: =SUM(E73:E78) -> 860313.07 | F79: =SUM(F73:F78) -> 178837.96 | G79: =SUM(G73:G78) -> 540623.43 | H79: =SUM(H73:H78) -> 1606044.1 | I79: =SUM(I73:I78) -> 5392305 | K79: =I79*52/1000000 -> 280.39986
K81: =I79/'Rodo Direto Base'!I79-1 -> -0.10513132
B82: Emissão de CO2e (%) | C82: Manaus (via Belém) | D82: Fortaleza | E82: Recife | F82: Salvador | G82: Rio de Janeiro | H82: São Paulo | I82: Total Origem CO2e (%)
B83: Manaus (via Belém) | D83: =D73/$I$79 -> 0.03231853 | E83: =E73/$I$79 -> 0.038627267 | F83: =F73/$I$79 -> 0 | G83: =G73/$I$79 -> 0.085556888 | H83: =H73/$I$79 -> 0.22834119 | I83: =SUM(C83:H83) -> 0.38484387
B84: Fortaleza | C84: =C74/$I$79 -> 0.048016101 | E84: =E74/$I$79 -> 0 | F84: =F74/$I$79 -> 0 | G84: =G74/$I$79 -> 0.0062618099 | H84: =H74/$I$79 -> 0.050875386 | I84: =SUM(C84:H84) -> 0.1051533
B85: Recife | C85: =C75/$I$79 -> 0.081959136 | D85: =(D45+'Hidroviario Base C1'!D45)*$C$67+(D56+'Hidroviario Base C1'!D56)*$C$68+(D69+M69)*$C$69 -> 0 | F85: =F75/$I$79 -> 0 | G85: =G75/$I$79 -> 0.0084396198 | H85: =H75/$I$79 -> 0.018623428 | I85: =SUM(C85:H85) -> 0.10902218
B86: Salvador | C86: =C76/$I$79 -> 0.021576082 | D86: =D76/$I$79 -> 0.0012910436 | E86: =E76/$I$79 -> 0.00010270629 | G86: =G76/$I$79 -> 0 | H86: =H76/$I$79 -> 0 | I86: =SUM(C86:H86) -> 0.022969832
B87: Rio de Janeiro | C87: =C77/$I$79 -> 0.023092788 | D87: =D77/$I$79 -> 0.037570859 | E87: =E77/$I$79 -> 0.033477159 | F87: =F77/$I$79 -> 0.0093067422 | H87: =H77/$I$79 -> 0 | I87: =SUM(C87:H87) -> 0.10344755
B88: São Paulo | C88: =C78/$I$79 -> 0.080694649 | D88: =D78/$I$79 -> 0.082672503 | E88: =E78/$I$79 -> 0.087337454 | F88: =F78/$I$79 -> 0.02385866 | G88: =G78/$I$79 -> 0 | I88: =SUM(C88:H88) -> 0.27456326
B89: Total Destino CO2e (%) | C89: =SUM(C83:C88) -> 0.25533876 | D89: =SUM(D83:D88) -> 0.15385294 | E89: =SUM(E83:E88) -> 0.15954459 | F89: =SUM(F83:F88) -> 0.033165402 | G89: =SUM(G83:G88) -> 0.10025832 | H89: =SUM(H83:H88) -> 0.29784 | I89: =SUM(I83:I88) -> 1
B92: Emissão no Transporte Rodoviário Direto por Contêiner
B93: Emissão de CO2e (kg/contêiner) | C93: Manaus (via Belém) | D93: Fortaleza | E93: Recife | F93: Salvador | G93: Rio de Janeiro | H93: São Paulo
B94: Manaus (via Belém) | D94: =D73/D11 -> 995.8364 | E94: =E73/E11 -> 1335.1923 | G94: =G73/G11 -> 2041.3665 | H94: =H73/H11 -> 1900.1317
B95: Fortaleza | C95: =C74/C12 -> 995.8364 | G95: =G74/G12 -> 1688.2794 | H95: =H74/H12 -> 2017.1735
B96: Recife | C96: =C75/C13 -> 1335.1923 | G96: =G75/G13 -> 1516.9668 | H96: =H75/H13 -> 1731.4345
B97: Salvador | C97: =C76/C14 -> 1352.8467 | D97: =D76/D14 -> 773.5223 | E97: =E76/E14 -> 553.82366
B98: Rio de Janeiro | C98: =C77/C15 -> 2041.3665 | D98: =D77/D15 -> 1688.2794 | E98: =E77/E15 -> 1516.9668 | F98: =F77/F15 -> 1067.7615
B99: São Paulo | C99: =C78/C16 -> 1900.1317 | D99: =D78/D16 -> 2017.1735 | E99: =E78/E16 -> 1731.4345 | F99: =F78/F16 -> 1261.3056

Sheet Rodo Direto C2
B2: Distâncias (km) | C2: Manaus (via Belém) | D2: Fortaleza | E2: Recife | F2: Salvador | G2: Rio de Janeiro | H2: São Paulo
B3: Manaus (via Belém) | D3: ='Distancia Rodo'!D34 -> 1523 | E3: ='Distancia Rodo'!E34 -> 2042 | F3: ='Distancia Rodo'!F34 -> 2069 | G3: ='Distancia Rodo'!G34 -> 3122 | H3: ='Distancia Rodo'!H34 -> 2906
B4: Fortaleza | C4: ='Distancia Rodo'!C35 -> 1523 | E4: ='Distancia Rodo'!E35 -> 782 | F4: ='Distancia Rodo'!F35 -> 1183 | G4: ='Distancia Rodo'!G35 -> 2582 | H4: ='Distancia Rodo'!H35 -> 3085
B5: Recife | C5: ='Distancia Rodo'!C36 -> 2042 | D5: ='Distancia Rodo'!D36 -> 782 | F5: ='Distancia Rodo'!F36 -> 847 | G5: ='Distancia Rodo'!G36 -> 2320 | H5: ='Distancia Rodo'!H36 -> 2648
B6: Salvador | C6: ='Distancia Rodo'!C37 -> 2069 | D6: ='Distancia Rodo'!D37 -> 1183 | E6: ='Distancia Rodo'!E37 -> 847 | G6: ='Distancia Rodo'!G37 -> 1633 | H6: ='Distancia Rodo'!H37 -> 1929
B7: Rio de Janeiro | C7: ='Distancia Rodo'!C38 -> 3122 | D7: ='Distancia Rodo'!D38 -> 2582 | E7: ='Distancia Rodo'!E38 -> 2320 | F7: ='Distancia Rodo'!F38 -> 1633 | H7: ='Distancia Rodo'!H38 -> 434
B8: São Paulo | C8: ='Distancia Rodo'!C39 -> 2906 | D8: ='Distancia Rodo'!D39 -> 3085 | E8: ='Distancia Rodo'!E39 -> 2648 | F8: ='Distancia Rodo'!F39 -> 1929 | G8: ='Distancia Rodo'!G39 -> 434
B10: Transporte Semanal | C10: BRMAO | D10: BRPEC | E10: BRSUA | F10: BRSSA | G10: BRIGI | H10: BRSSZ | I10: Total Origem
B11: BRMAO | C11: ='Movimentacao de Conteineres'!K30 -> 0 | D11: ='Movimentacao de Conteineres'!L30 -> 175 | E11: ='Movimentacao de Conteineres'!M30 -> 156 | F11: ='Movimentacao de Conteineres'!N30 -> 0 | G11: ='Movimentacao de Conteineres'!O30 -> 226 | H11: ='Movimentacao de Conteineres'!P30 -> 648 | I11: =SUM(C11:H11) -> 1205
B12: BRPEC | C12: ='Movimentacao de Conteineres'!K31 -> 260 | D12: ='Movimentacao de Conteineres'!L31 -> 0 | E12: ='Movimentacao de Conteineres'!M31 -> 0 | F12: ='Movimentacao de Conteineres'!N31 -> 0 | G12: ='Movimentacao de Conteineres'!O31 -> 20 | H12: ='Movimentacao de Conteineres'!P31 -> 136 | I12: =SUM(C12:H12) -> 416
B13: BRSUA | C13: ='Movimentacao de Conteineres'!K32 -> 331 | D13: ='Movimentacao de Conteineres'!L32 -> 0 | E13: ='Movimentacao de Conteineres'!M32 -> 0 | F13: ='Movimentacao de Conteineres'!N32 -> 0 | G13: ='Movimentacao de Conteineres'!O32 -> 30 | H13: ='Movimentacao de Conteineres'!P32 -> 58 | I13: =SUM(C13:H13) -> 419
B14: BRSSA | C14: ='Movimentacao de Conteineres'!K33 -> 86 | D14: ='Movimentacao de Conteineres'!L33 -> 9 | E14: ='Movimentacao de Conteineres'!M33 -> 1 | F14: ='Movimentacao de Conteineres'!N33 -> 0 | G14: ='Movimentacao de Conteineres'!O33 -> 0 | H14: ='Movimentacao de Conteineres'!P33 -> 0 | I14: =SUM(C14:H14) -> 96
B15: BRIGI | C15: ='Movimentacao de Conteineres'!K34 -> 61 | D15: ='Movimentacao de Conteineres'!L34 -> 120 | E15: ='Movimentacao de Conteineres'!M34 -> 119 | F15: ='Movimentacao de Conteineres'!N34 -> 47 | G15: ='Movimentacao de Conteineres'!O34 -> 0 | H15: ='Movimentacao de Conteineres'!P34 -> 0 | I15: =SUM(C15:H15) -> 347
B16: BRSSZ | C16: ='Movimentacao de Conteineres'!K35 -> 229 | D16: ='Movimentacao de Conteineres'!L35 -> 221 | E16: ='Movimentacao de Conteineres'!M35 -> 272 | F16: ='Movimentacao de Conteineres'!N35 -> 102 | G16: ='Movimentacao de Conteineres'!O35 -> 0 | H16: ='Movimentacao de Conteineres'!P35 -> 0 | I16: =SUM(C16:H16) -> 824
B17: Total Destino | C17: =SUM(C11:C16) -> 967 | D17: =SUM(D11:D16) -> 525 | E17: =SUM(E11:E16) -> 548 | F17: =SUM(F11:F16) -> 149 | G17: =SUM(G11:G16) -> 276 | H17: =SUM(H11:H16) -> 842 | I17: =SUM(I11:I16) -> 3307
B19: km Rodoviário Direto | C19: Manaus (via Belém) | D19: Fortaleza | E19: Recife | F19: Salvador | G19: Rio de Janeiro | H19: São Paulo | I19: Total Origem (km)
B20: Manaus (via Belém) | D20: =D3*D11 -> 266525 | E20: =E3*E11 -> 318552 | F20: =F3*F11 -> 0 | G20: =G3*G11 -> 705572 | H20: =H3*H11 -> 1883088 | I20: =SUM(C20:H20) -> 3173737
B21: Fortaleza | C21: =C4*C12 -> 395980 | E21: =E4*E12 -> 0 | F21: =F4*F12 -> 0 | G21: =G4*G12 -> 51640 | H21: =H4*H12 -> 419560 | I21: =SUM(C21:H21) -> 867180
B22: Recife | C22: =C5*C13 -> 675902 | D22: =D5*D13 -> 0 | F22: =F5*F13 -> 0 | G22: =G5*G13 -> 69600 | H22: =H5*H13 -> 153584 | I22: =SUM(C22:H22) -> 899086
B23: Salvador | C23: =C6*C14 -> 177934 | D23: =D6*D14 -> 10647 | E23: =E6*E14 -> 847 | G23: =G6*G14 -> 0 | H23: =H6*H14 -> 0 | I23: =SUM(C23:H23) -> 189428
B24: Rio de Janeiro | C24: =C7*C15 -> 190442 | D24: =D7*D15 -> 309840 | E24: =E7*E15 -> 276080 | F24: =F7*F15 -> 76751 | H24: =H7*H15 -> 0 | I24: =SUM(C24:H24) -> 853113
B25: São Paulo | C25: =C8*C16 -> 665474 | D25: =D8*D16 -> 681785 | E25: =E8*E16 -> 720256 | F25: =F8*F16 -> 196758 | G25: =G8*G16 -> 0 | I25: =SUM(C25:H25) -> 2264273
B26: Total Destino (km) | C26: =SUM(C20:C25) -> 2105732 | D26: =SUM(D20:D25) -> 1268797 | E26: =SUM(E20:E25) -> 1315735 | F26: =SUM(F20:F25) -> 273509 | G26: =SUM(G20:G25) -> 826812 | H26: =SUM(H20:H25) -> 2456232 | I26: =SUM(I20:I25) -> 8246817
B29: Cálculo das Emissões - HVO
B31: Fator de emissão de CO2 modal Rodoviário | E31: ='Fatores Emissao'!C80 -> 0.69345196 | F31: kg CO2/km
B32: Emissão de CO2 (kg) | C32: Manaus (via Belém) | D32: Fortaleza | E32: Recife | F32: Salvador | G32: Rio de Janeiro | H32: São Paulo | I32: Total Origem CO2 (kg)
B33: Manaus (via Belém) | D33: =D20*$E$31 -> 184822.28 | E33: =E20*$E$31 -> 220900.51 | F33: =F20*$E$31 -> 0 | G33: =G20*$E$31 -> 489280.29 | H33: =H20*$E$31 -> 1305831.1 | I33: =SUM(C33:H33) -> 2200834.2
B34: Fortaleza | C34: =C21*$E$31 -> 274593.11 | E34: =E21*$E$31 -> 0 | F34: =F21*$E$31 -> 0 | G34: =G21*$E$31 -> 35809.859 | H34: =H21*$E$31 -> 290944.71 | I34: =SUM(C34:H34) -> 601347.67
B35: Recife | C35: =C22*$E$31 -> 468705.57 | D35: =D22*$E$31 -> 0 | F35: =F22*$E$31 -> 0 | G35: =G22*$E$31 -> 48264.257 | H35: =H22*$E$31 -> 106503.13 | I35: =SUM(C35:H35) -> 623472.95
B36: Salvador | C36: =C23*$E$31 -> 123388.68 | D36: =D23*$E$31 -> 7383.1831 | E36: =E23*$E$31 -> 587.35381 | G36: =G23*$E$31 -> 0 | H36: =H23*$E$31 -> 0 | I36: =SUM(C36:H36) -> 131359.22
B37: Rio de Janeiro | C37: =C24*$E$31 -> 132062.38 | D37: =D24*$E$31 -> 214859.16 | E37: =E24*$E$31 -> 191448.22 | F37: =F24*$E$31 -> 53223.132 | H37: =H24*$E$31 -> 0 | I37: =SUM(C37:H37) -> 591592.89
B38: São Paulo | C38: =C25*$E$31 -> 461474.25 | D38: =D25*$E$31 -> 472785.15 | E38: =E25*$E$31 -> 499462.94 | F38: =F25*$E$31 -> 136442.22 | G38: =G25*$E$31 -> 0 | I38: =SUM(C38:H38) -> 1570164.6
B39: Total Destino CO2 (kg) | C39: =SUM(C33:C38) -> 1460224 | D39: =SUM(D33:D38) -> 879849.77 | E39: =SUM(E33:E38) -> 912399.02 | F39: =SUM(F33:F38) -> 189665.35 | G39: =SUM(G33:G38) -> 573354.41 | H39: =SUM(H33:H38) -> 1703278.9 | I39: =SUM(I33:I38) -> 5718771.4
B42: Fator de emissão de CH4 modal Rodoviário | E42: ='Fatores Emissao'!D80 -> 0.0055923546 | F42: g CH4/km
B43: Emissão de CH4 (kg) | C43: Manaus (via Belém) | D43: Fortaleza | E43: Recife | F43: Salvador | G43: Rio de Janeiro | H43: São Paulo | I43: Total Origem CH4 (kg)
B44: Manaus (via Belém) | D44: =D20*$E$42/1000 -> 1.4905023 | E44: =E20*$E$42/1000 -> 1.7814558 | F44: =F20*$E$42/1000 -> 0 | G44: =G20*$E$42/1000 -> 3.9458088 | H44: =H20*$E$42/1000 -> 10.530896 | I44: =SUM(C44:H44) -> 17.748663
B45: Fortaleza | C45: =C21*$E$42/1000 -> 2.2144606 | E45: =E21*$E$42/1000 -> 0 | F45: =F21*$E$42/1000 -> 0 | G45: =G21*$E$42/1000 -> 0.28878919 | H45: =H21*$E$42/1000 -> 2.3463283 | I45: =SUM(C45:H45) -> 4.8495781
B46: Recife | C46: =C22*$E$42/1000 -> 3.7798837 | D46: =D22*$E$42/1000 -> 0 | F46: =F22*$E$42/1000 -> 0 | G46: =G22*$E$42/1000 -> 0.38922788 | H46: =H22*$E$42/1000 -> 0.85889619 | I46: =SUM(C46:H46) -> 5.0280078
B47: Salvador | C47: =C23*$E$42/1000 -> 0.99507003 | D47: =D23*$E$42/1000 -> 0.0595418 | E47: =E23*$E$42/1000 -> 0.0047367244 | G47: =G23*$E$42/1000 -> 0 | H47: =H23*$E$42/1000 -> 0 | I47: =SUM(C47:H47) -> 1.0593486
B48: Rio de Janeiro | C48: =C24*$E$42/1000 -> 1.0650192 | D48: =D24*$E$42/1000 -> 1.7327352 | E48: =E24*$E$42/1000 -> 1.5439373 | F48: =F24*$E$42/1000 -> 0.42921881 | H48: =H24*$E$42/1000 -> 0 | I48: =SUM(C48:H48) -> 4.7709104
B49: São Paulo | C49: =C25*$E$42/1000 -> 3.7215666 | D49: =D25*$E$42/1000 -> 3.8127835 | E49: =E25*$E$42/1000 -> 4.027927 | F49: =F25*$E$42/1000 -> 1.1003405 | G49: =G25*$E$42/1000 -> 0 | I49: =SUM(C49:H49) -> 12.662618
B50: Total Destino CH4 (kg) | C50: =SUM(C44:C49) -> 11.776 | D50: =SUM(D44:D49) -> 7.0955628 | E50: =SUM(E44:E49) -> 7.3580567 | F50: =SUM(F44:F49) -> 1.5295593 | G50: =SUM(G44:G49) -> 4.6238259 | H50: =SUM(H44:H49) -> 13.73612 | I50: =SUM(I44:I49) -> 46.119125
B53: Fator de emissão de N2O modal Rodoviário | E53: ='Fatores Emissao'!E80 -> 0.026719028 | F53: g N2O/km
B54: Emissão de N2O (kg) | C54: Manaus (via Belém) | D54: Fortaleza | E54: Recife | F54: Salvador | G54: Rio de Janeiro | H54: São Paulo | I54: Total Origem N2O (kg)
B55: Manaus (via Belém) | D55: =D20*$E$53/1000 -> 7.1212889 | E55: =E20*$E$53/1000 -> 8.5113997 | F55: =F20*$E$53/1000 -> 0 | G55: =G20*$E$53/1000 -> 18.852198 | H55: =H20*$E$53/1000 -> 50.31428 | I55: =SUM(C55:H55) -> 84.799167
B56: Fortaleza | C56: =C21*$E$53/1000 -> 10.580201 | E56: =E21*$E$53/1000 -> 0 | F56: =F21*$E$53/1000 -> 0 | G56: =G21*$E$53/1000 -> 1.3797706 | H56: =H21*$E$53/1000 -> 11.210235 | I56: =SUM(C56:H56) -> 23.170206
B57: Recife | C57: =C22*$E$53/1000 -> 18.059444 | D57: =D22*$E$53/1000 -> 0 | F57: =F22*$E$53/1000 -> 0 | G57: =G22*$E$53/1000 -> 1.8596443 | H57: =H22*$E$53/1000 -> 4.1036151 | I57: =SUM(C57:H57) -> 24.022704
B58: Salvador | C58: =C23*$E$53/1000 -> 4.7542235 | D58: =D23*$E$53/1000 -> 0.28447749 | E58: =E23*$E$53/1000 -> 0.022631016 | G58: =G23*$E$53/1000 -> 0 | H58: =H23*$E$53/1000 -> 0 | I58: =SUM(C58:H58) -> 5.061332
B59: Rio de Janeiro | C59: =C24*$E$53/1000 -> 5.0884251 | D59: =D24*$E$53/1000 -> 8.2786235 | E59: =E24*$E$53/1000 -> 7.3765892 | F59: =F24*$E$53/1000 -> 2.0507121 | H59: =H24*$E$53/1000 -> 0 | I59: =SUM(C59:H59) -> 22.79435
B60: São Paulo | C60: =C25*$E$53/1000 -> 17.780818 | D60: =D25*$E$53/1000 -> 18.216632 | E60: =E25*$E$53/1000 -> 19.24454 | F60: =F25*$E$53/1000 -> 5.2571824 | G60: =G25*$E$53/1000 -> 0 | I60: =SUM(C60:H60) -> 60.499173
B61: Total Destino N2O (kg) | C61: =SUM(C55:C60) -> 56.263112 | D61: =SUM(D55:D60) -> 33.901022 | E61: =SUM(E55:E60) -> 35.15516 | F61: =SUM(F55:F60) -> 7.3078945 | G61: =SUM(G55:G60) -> 22.091613 | H61: =SUM(H55:H60) -> 65.628131 | I61: =SUM(I55:I60) -> 220.34693
B64: Cálculo das Emissões - Modais Rodoviário e Hidroviário - HVO
B66: GEE | C66: GWP (AR5)
B67: Dióxido de Carbono (CO2) | C67: ='Fatores Emissao'!O6 -> 1
B68: Metano (CH4) | C68: ='Fatores Emissao'!O7 -> 28
B69: Óxido Nitroso (N2O) | C69: ='Fatores Emissao'!O8 -> 265
B72: Emissão de CO2e (kg) | C72: Manaus (via Belém) | D72: Fortaleza | E72: Recife | F72: Salvador | G72: Rio de Janeiro | H72: São Paulo | I72: Total Origem CO2e (kg)
B73: Manaus (via Belém) | C73: =C33*$C$67+C44*$C$68+C55*$C$69 -> 0 | D73: =D33*$C$67+D44*$C$68+D55*$C$69 -> 186751.16 | E73: =E33*$C$67+E44*$C$68+E55*$C$69 -> 223205.91 | F73: =F33*$C$67+F44*$C$68+F55*$C$69 -> 0 | G73: =G33*$C$67+G44*$C$68+G55*$C$69 -> 494386.6 | H73: =H33*$C$67+H44*$C$68+H55*$C$69 -> 1319459.2 | I73: =SUM(C73:H73) -> 2223802.9
B74: Fortaleza | C74: =C34*$C$67+C45*$C$68+C56*$C$69 -> 277458.87 | D74: =D34*$C$67+D45*$C$68+D56*$C$69 -> 0 | E74: =E34*$C$67+E45*$C$68+E56*$C$69 -> 0 | F74: =F34*$C$67+F45*$C$68+F56*$C$69 -> 0 | G74: =G34*$C$67+G45*$C$68+G56*$C$69 -> 36183.585 | H74: =H34*$C$67+H45*$C$68+H56*$C$69 -> 293981.12 | I74: =SUM(C74:H74) -> 607623.57
B75: Recife | C75: =C35*$C$67+C46*$C$68+C57*$C$69 -> 473597.16 | D75: =D35*$C$67+D46*$C$68+D57*$C$69 -> 0 | E75: =E35*$C$67+E46*$C$68+E57*$C$69 -> 0 | F75: =F35*$C$67+F46*$C$68+F57*$C$69 -> 0 | G75: =G35*$C$67+G46*$C$68+G57*$C$69 -> 48767.961 | H75: =H35*$C$67+H46*$C$68+H57*$C$69 -> 107614.63 | I75: =SUM(C75:H75) -> 629979.75
B76: Salvador | C76: =C36*$C$67+C47*$C$68+C58*$C$69 -> 124676.41 | D76: =D36*$C$67+D47*$C$68+D58*$C$69 -> 7460.2368 | E76: =E36*$C$67+E47*$C$68+E58*$C$69 -> 593.48366 | F76: =F36*$C$67+F47*$C$68+F58*$C$69 -> 0 | G76: =G36*$C$67+G47*$C$68+G58*$C$69 -> 0 | H76: =H36*$C$67+H47*$C$68+H58*$C$69 -> 0 | I76: =SUM(C76:H76) -> 132730.13
B77: Rio de Janeiro | C77: =C37*$C$67+C48*$C$68+C59*$C$69 -> 133440.63 | D77: =D37*$C$67+D48*$C$68+D59*$C$69 -> 217101.51 | E77: =E37*$C$67+E48*$C$68+E59*$C$69 -> 193446.24 | F77: =F37*$C$67+F48*$C$68+F59*$C$69 -> 53778.589 | G77: =G37*$C$67+G48*$C$68+G59*$C$69 -> 0 | H77: =H37*$C$67+H48*$C$68+H59*$C$69 -> 0 | I77: =SUM(C77:H77) -> 597766.97
B78: São Paulo | C78: =C38*$C$67+C49*$C$68+C60*$C$69 -> 466290.37 | D78: =D38*$C$67+D49*$C$68+D60*$C$69 -> 477719.31 | E78: =E38*$C$67+E49*$C$68+E60*$C$69 -> 504675.52 | F78: =F38*$C$67+F49*$C$68+F60*$C$69 -> 137866.18 | G78: =G38*$C$67+G49*$C$68+G60*$C$69 -> 0 | H78: =H38*$C$67+H49*$C$68+H60*$C$69 -> 0 | I78: =SUM(C78:H78) -> 1586551.4
B79: Total Destino CO2e (kg) | C79: =SUM(C73:C78) -> 1475463.4 | D79: =SUM(D73:D78) -> 889032.22 | E79: =SUM(E73:E78) -> 921921.16 | F79: =SUM(F73:F78) -> 191644.77 | G79: =SUM(G73:G78) -> 579338.15 | H79: =SUM(H73:H78) -> 1721055 | I79: =SUM(I73:I78) -> 5778454.7 | K79: =I79*52/1000000 -> 300.47965
B82: Emissão de CO2e (%) | C82: Manaus (via Belém) | D82: Fortaleza | E82: Recife | F82: Salvador | G82: Rio de Janeiro | H82: São Paulo | I82: Total Origem CO2e (%)
B83: Manaus (via Belém) | D83: =D73/$I$79 -> 0.03231853 | E83: =E73/$I$79 -> 0.038627267 | F83: =F73/$I$79 -> 0 | G83: =G73/$I$79 -> 0.085556888 | H83: =H73/$I$79 -> 0.22834119 | I83: =SUM(C83:H83) -> 0.38484387
B84: Fortaleza | C84: =C74/$I$79 -> 0.048016101 | E84: =E74/$I$79 -> 0 | F84: =F74/$I$79 -> 0 | G84: =G74/$I$79 -> 0.0062618099 | H84: =H74/$I$79 -> 0.050875386 | I84: =SUM(C84:H84) -> 0.1051533
B85: Recife | C85: =C75/$I$79 -> 0.081959136 | D85: =(D45+'Hidroviario Base C1'!D45)*$C$67+(D56+'Hidroviario Base C1'!D56)*$C$68+(D69+M69)*$C$69 -> 0 | F85: =F75/$I$79 -> 0 | G85: =G75/$I$79 -> 0.0084396198 | H85: =H75/$I$79 -> 0.018623428 | I85: =SUM(C85:H85) -> 0.10902218
B86: Salvador | C86: =C76/$I$79 -> 0.021576082 | D86: =D76/$I$79 -> 0.0012910436 | E86: =E76/$I$79 -> 0.00010270629 | G86: =G76/$I$79 -> 0 | H86: =H76/$I$79 -> 0 | I86: =SUM(C86:H86) -> 0.022969832
B87: Rio de Janeiro | C87: =C77/$I$79 -> 0.023092788 | D87: =D77/$I$79 -> 0.037570859 | E87: =E77/$I$79 -> 0.033477159 | F87: =F77/$I$79 -> 0.0093067422 | H87: =H77/$I$79 -> 0 | I87: =SUM(C87:H87) -> 0.10344755
B88: São Paulo | C88: =C78/$I$79 -> 0.080694649 | D88: =D78/$I$79 -> 0.082672503 | E88: =E78/$I$79 -> 0.087337454 | F88: =F78/$I$79 -> 0.02385866 | G88: =G78/$I$79 -> 0 | I88: =SUM(C88:H88) -> 0.27456326
B89: Total Destino CO2e (%) | C89: =SUM(C83:C88) -> 0.25533876 | D89: =SUM(D83:D88) -> 0.15385294 | E89: =SUM(E83:E88) -> 0.15954459 | F89: =SUM(F83:F88) -> 0.033165402 | G89: =SUM(G83:G88) -> 0.10025832 | H89: =SUM(H83:H88) -> 0.29784 | I89: =SUM(I83:I88) -> 1
B92: Emissão no Transporte Rodoviário Direto por Contêiner
B93: Emissão de CO2e (kg/contêiner) | C93: Manaus (via Belém) | D93: Fortaleza | E93: Recife | F93: Salvador | G93: Rio de Janeiro | H93: São Paulo
B94: Manaus (via Belém) | D94: =D73/D11 -> 1067.1495 | E94: =E73/E11 -> 1430.8071 | G94: =G73/G11 -> 2187.5513 | H94: =H73/H11 -> 2036.2025
B95: Fortaleza | C95: =C74/C12 -> 1067.1495 | G95: =G74/G12 -> 1809.1792 | H95: =H74/H12 -> 2161.6259
B96: Recife | C96: =C75/C13 -> 1430.8071 | G96: =G75/G13 -> 1625.5987 | H96: =H75/H13 -> 1855.4247
B97: Salvador | C97: =C76/C14 -> 1449.7257 | D97: =D76/D14 -> 828.9152 | E97: =E76/E14 -> 593.48366
B98: Rio de Janeiro | C98: =C77/C15 -> 2187.5513 | D98: =D77/D15 -> 1809.1792 | E98: =E77/E15 -> 1625.5987 | F98: =F77/F15 -> 1144.2253
B99: São Paulo | C99: =C78/C16 -> 2036.2025 | D99: =D78/D16 -> 2161.6259 | E99: =E78/E16 -> 1855.4247 | F99: =F78/F16 -> 1351.6293

Sheet Rodo Cabotagem Base
B2: Distâncias (km) | C2: Manaus | D2: Fortaleza | E2: Recife | F2: Salvador | G2: Rio de Janeiro | H2: São Paulo
B3: Manaus | D3: ='Distancia Rodo'!D14 -> 142 | E3: ='Distancia Rodo'!E14 -> 140.6 | F3: ='Distancia Rodo'!F14 -> 64 | G3: ='Distancia Rodo'!G14 -> 211.8 | H3: ='Distancia Rodo'!H14 -> 232
B4: Fortaleza | C4: ='Distancia Rodo'!C15 -> 142 | E4: ='Distancia Rodo'!E15 -> 222.6 | F4: ='Distancia Rodo'!F15 -> 146 | G4: ='Distancia Rodo'!G15 -> 293.8 | H4: ='Distancia Rodo'!H15 -> 314
B5: Recife | C5: ='Distancia Rodo'!C16 -> 140.6 | D5: ='Distancia Rodo'!D16 -> 222.6 | F5: ='Distancia Rodo'!F16 -> 144.6 | G5: ='Distancia Rodo'!G16 -> 292.4 | H5: ='Distancia Rodo'!H16 -> 312.6
B6: Salvador | C6: ='Distancia Rodo'!C17 -> 64 | D6: ='Distancia Rodo'!D17 -> 146 | E6: ='Distancia Rodo'!E17 -> 144.6 | G6: ='Distancia Rodo'!G17 -> 215.8 | H6: ='Distancia Rodo'!H17 -> 236
B7: Rio de Janeiro | C7: ='Distancia Rodo'!C18 -> 211.8 | D7: ='Distancia Rodo'!D18 -> 293.8 | E7: ='Distancia Rodo'!E18 -> 292.4 | F7: ='Distancia Rodo'!F18 -> 215.8 | H7: ='Distancia Rodo'!H18 -> 383.8
B8: São Paulo | C8: ='Distancia Rodo'!C19 -> 232 | D8: ='Distancia Rodo'!D19 -> 314 | E8: ='Distancia Rodo'!E19 -> 312.6 | F8: ='Distancia Rodo'!F19 -> 236 | G8: ='Distancia Rodo'!G19 -> 383.8
B10: Transporte Semanal | C10: BRMAO | D10: BRPEC | E10: BRSUA | F10: BRSSA | G10: BRIGI | H10: BRSSZ | I10: Total Origem
B11: BRMAO | C11: ='Movimentacao de Conteineres'!K30 -> 0 | D11: ='Movimentacao de Conteineres'!L30 -> 175 | E11: ='Movimentacao de Conteineres'!M30 -> 156 | F11: ='Movimentacao de Conteineres'!N30 -> 0 | G11: ='Movimentacao de Conteineres'!O30 -> 226 | H11: ='Movimentacao de Conteineres'!P30 -> 648 | I11: =SUM(C11:H11) -> 1205
B12: BRPEC | C12: ='Movimentacao de Conteineres'!K31 -> 260 | D12: ='Movimentacao de Conteineres'!L31 -> 0 | E12: ='Movimentacao de Conteineres'!M31 -> 0 | F12: ='Movimentacao de Conteineres'!N31 -> 0 | G12: ='Movimentacao de Conteineres'!O31 -> 20 | H12: ='Movimentacao de Conteineres'!P31 -> 136 | I12: =SUM(C12:H12) -> 416
B13: BRSUA | C13: ='Movimentacao de Conteineres'!K32 -> 331 | D13: ='Movimentacao de Conteineres'!L32 -> 0 | E13: ='Movimentacao de Conteineres'!M32 -> 0 | F13: ='Movimentacao de Conteineres'!N32 -> 0 | G13: ='Movimentacao de Conteineres'!O32 -> 30 | H13: ='Movimentacao de Conteineres'!P32 -> 58 | I13: =SUM(C13:H13) -> 419
B14: BRSSA | C14: ='Movimentacao de Conteineres'!K33 -> 86 | D14: ='Movimentacao de Conteineres'!L33 -> 9 | E14: ='Movimentacao de Conteineres'!M33 -> 1 | F14: ='Movimentacao de Conteineres'!N33 -> 0 | G14: ='Movimentacao de Conteineres'!O33 -> 0 | H14: ='Movimentacao de Conteineres'!P33 -> 0 | I14: =SUM(C14:H14) -> 96
B15: BRIGI | C15: ='Movimentacao de Conteineres'!K34 -> 61 | D15: ='Movimentacao de Conteineres'!L34 -> 120 | E15: ='Movimentacao de Conteineres'!M34 -> 119 | F15: ='Movimentacao de Conteineres'!N34 -> 47 | G15: ='Movimentacao de Conteineres'!O34 -> 0 | H15: ='Movimentacao de Conteineres'!P34 -> 0 | I15: =SUM(C15:H15) -> 347
B16: BRSSZ | C16: ='Movimentacao de Conteineres'!K35 -> 229 | D16: ='Movimentacao de Conteineres'!L35 -> 221 | E16: ='Movimentacao de Conteineres'!M35 -> 272 | F16: ='Movimentacao de Conteineres'!N35 -> 102 | G16: ='Movimentacao de Conteineres'!O35 -> 0 | H16: ='Movimentacao de Conteineres'!P35 -> 0 | I16: =SUM(C16:H16) -> 824
B17: Total Destino | C17: =SUM(C11:C16) -> 967 | D17: =SUM(D11:D16) -> 525 | E17: =SUM(E11:E16) -> 548 | F17: =SUM(F11:F16) -> 149 | G17: =SUM(G11:G16) -> 276 | H17: =SUM(H11:H16) -> 842 | I17: =SUM(I11:I16) -> 3307
B19: km Rodoviário Cabotagem Semanal | C19: Manaus | D19: Fortaleza | E19: Recife | F19: Salvador | G19: Rio de Janeiro | H19: São Paulo | I19: Total Origem (km)
B20: Manaus | D20: =D3*D11 -> 24850 | E20: =E3*E11 -> 21933.6 | F20: =F3*F11 -> 0 | G20: =G3*G11 -> 47866.8 | H20: =H3*H11 -> 150336 | I20: =SUM(C20:H20) -> 244986.4
B21: Fortaleza | C21: =C4*C12 -> 36920 | E21: =E4*E12 -> 0 | F21: =F4*F12 -> 0 | G21: =G4*G12 -> 5876 | H21: =H4*H12 -> 42704 | I21: =SUM(C21:H21) -> 85500
B22: Recife | C22: =C5*C13 -> 46538.6 | D22: =D5*D13 -> 0 | F22: =F5*F13 -> 0 | G22: =G5*G13 -> 8772 | H22: =H5*H13 -> 18130.8 | I22: =SUM(C22:H22) -> 73441.4
B23: Salvador | C23: =C6*C14 -> 5504 | D23: =D6*D14 -> 1314 | E23: =E6*E14 -> 144.6 | G23: =G6*G14 -> 0 | H23: =H6*H14 -> 0 | I23: =SUM(C23:H23) -> 6962.6
B24: Rio de Janeiro | C24: =C7*C15 -> 12919.8 | D24: =D7*D15 -> 35256 | E24: =E7*E15 -> 34795.6 | F24: =F7*F15 -> 10142.6 | H24: =H7*H15 -> 0 | I24: =SUM(C24:H24) -> 93114
B25: São Paulo | C25: =C8*C16 -> 53128 | D25: =D8*D16 -> 69394 | E25: =E8*E16 -> 85027.2 | F25: =F8*F16 -> 24072 | G25: =G8*G16 -> 0 | I25: =SUM(C25:H25) -> 231621.2
B26: Total Destino (km) | C26: =SUM(C20:C25) -> 155010.4 | D26: =SUM(D20:D25) -> 130814 | E26: =SUM(E20:E25) -> 141901 | F26: =SUM(F20:F25) -> 34214.6 | G26: =SUM(G20:G25) -> 62514.8 | H26: =SUM(H20:H25) -> 211170.8 | I26: =SUM(I20:I25) -> 735625.6
B29: Cálculo das Emissões - Diesel
B32: Fator de emissão de CO2 modal Rodoviário Cabotagem | E32: ='Fatores Emissao'!$L$7 -> 0.72105263 | F32: kg CO2/km
B33: Emissão de CO2 (kg) | C33: Manaus | D33: Fortaleza | E33: Recife | F33: Salvador | G33: Rio de Janeiro | H33: São Paulo | I33: Total Origem CO2 (kg)
B34: Manaus | D34: =D20*$E$32 -> 17918.158 | E34: =E20*$E$32 -> 15815.28 | F34: =F20*$E$32 -> 0 | G34: =G20*$E$32 -> 34514.482 | H34: =H20*$E$32 -> 108400.17 | I34: =SUM(C34:H34) -> 176648.09
B35: Fortaleza | C35: =C21*$E$32 -> 26621.263 | E35: =E21*$E$32 -> 0 | F35: =F21*$E$32 -> 0 | G35: =G21*$E$32 -> 4236.9053 | H35: =H21*$E$32 -> 30791.832 | I35: =SUM(C35:H35) -> 61650
B36: Recife | C36: =C22*$E$32 -> 33556.78 | D36: =D22*$E$32 -> 0 | F36: =F22*$E$32 -> 0 | G36: =G22*$E$32 -> 6325.0737 | H36: =H22*$E$32 -> 13073.261 | I36: =SUM(C36:H36) -> 52955.115
B37: Salvador | C37: =C23*$E$32 -> 3968.6737 | D37: =D23*$E$32 -> 947.46316 | E37: =E23*$E$32 -> 104.26421 | G37: =G23*$E$32 -> 0 | H37: =H23*$E$32 -> 0 | I37: =SUM(C37:H37) -> 5020.4011
B38: Rio de Janeiro | C38: =C24*$E$32 -> 9315.8558 | D38: =D24*$E$32 -> 25421.432 | E38: =E24*$E$32 -> 25089.459 | F38: =F24*$E$32 -> 7313.3484 | H38: =H24*$E$32 -> 0 | I38: =SUM(C38:H38) -> 67140.095
B39: São Paulo | C39: =C25*$E$32 -> 38308.084 | D39: =D25*$E$32 -> 50036.726 | E39: =E25*$E$32 -> 61309.086 | F39: =F25*$E$32 -> 17357.179 | G39: =G25*$E$32 -> 0 | I39: =SUM(C39:H39) -> 167011.08
B40: Total Destino CO2 (kg) | C40: =SUM(C34:C39) -> 111770.66 | D40: =SUM(D34:D39) -> 94323.779 | E40: =SUM(E34:E39) -> 102318.09 | F40: =SUM(F34:F39) -> 24670.527 | G40: =SUM(G34:G39) -> 45076.461 | H40: =SUM(H34:H39) -> 152265.26 | I40: =SUM(I34:I39) -> 530424.77
B43: Fator de emissão de CH4 modal Rodoviário Cabotagem | E43: ='Fatores Emissao'!$F$7 -> 0.06 | F43: g CH4/km
B44: Emissão de CH4 (kg) - Rodoviário Cabotagem | C44: Manaus | D44: Fortaleza | E44: Recife | F44: Salvador | G44: Rio de Janeiro | H44: São Paulo | I44: Total Origem CH4 (kg)
B45: Manaus | D45: =D20*$E$43/1000 -> 1.491 | E45: =E20*$E$43/1000 -> 1.316016 | F45: =F20*$E$43/1000 -> 0 | G45: =G20*$E$43/1000 -> 2.872008 | H45: =H20*$E$43/1000 -> 9.02016 | I45: =SUM(C45:H45) -> 14.699184
B46: Fortaleza | C46: =C21*$E$43/1000 -> 2.2152 | E46: =E21*$E$43/1000 -> 0 | F46: =F21*$E$43/1000 -> 0 | G46: =G21*$E$43/1000 -> 0.35256 | H46: =H21*$E$43/1000 -> 2.56224 | I46: =SUM(C46:H46) -> 5.13
B47: Recife | C47: =C22*$E$43/1000 -> 2.792316 | D47: =D22*$E$43/1000 -> 0 | F47: =F22*$E$43/1000 -> 0 | G47: =G22*$E$43/1000 -> 0.52632 | H47: =H22*$E$43/1000 -> 1.087848 | I47: =SUM(C47:H47) -> 4.406484
B48: Salvador | C48: =C23*$E$43/1000 -> 0.33024 | D48: =D23*$E$43/1000 -> 0.07884 | E48: =E23*$E$43/1000 -> 0.008676 | G48: =G23*$E$43/1000 -> 0 | H48: =H23*$E$43/1000 -> 0 | I48: =SUM(C48:H48) -> 0.417756
B49: Rio de Janeiro | C49: =C24*$E$43/1000 -> 0.775188 | D49: =D24*$E$43/1000 -> 2.11536 | E49: =E24*$E$43/1000 -> 2.087736 | F49: =F24*$E$43/1000 -> 0.608556 | H49: =H24*$E$43/1000 -> 0 | I49: =SUM(C49:H49) -> 5.58684
B50: São Paulo | C50: =C25*$E$43/1000 -> 3.18768 | D50: =D25*$E$43/1000 -> 4.16364 | E50: =E25*$E$43/1000 -> 5.101632 | F50: =F25*$E$43/1000 -> 1.44432 | G50: =G25*$E$43/1000 -> 0 | I50: =SUM(C50:H50) -> 13.897272
B51: Total Destino CH4 (kg) | C51: =SUM(C45:C50) -> 9.300624 | D51: =SUM(D45:D50) -> 7.84884 | E51: =SUM(E45:E50) -> 8.51406 | F51: =SUM(F45:F50) -> 2.052876 | G51: =SUM(G45:G50) -> 3.750888 | H51: =SUM(H45:H50) -> 12.670248 | I51: =SUM(I45:I50) -> 44.137536
B54: Fator de emissão de N2O modal Rodoviário Cabotagem | E54: ='Fatores Emissao'!$I$7 -> 0.03 | F54: g N2O/km
B55: Emissão de N2O (kg) - Rodoviário Cabotagem | C55: Manaus | D55: Fortaleza | E55: Recife | F55: Salvador | G55: Rio de Janeiro | H55: São Paulo | I55: Total Origem N2O (kg)
B56: Manaus | D56: =D20*$E$54/1000 -> 0.7455 | E56: =E20*$E$54/1000 -> 0.658008 | F56: =F20*$E$54/1000 -> 0 | G56: =G20*$E$54/1000 -> 1.436004 | H56: =H20*$E$54/1000 -> 4.51008 | I56: =SUM(C56:H56) -> 7.349592
B57: Fortaleza | C57: =C21*$E$54/1000 -> 1.1076 | E57: =E21*$E$54/1000 -> 0 | F57: =F21*$E$54/1000 -> 0 | G57: =G21*$E$54/1000 -> 0.17628 | H57: =H21*$E$54/1000 -> 1.28112 | I57: =SUM(C57:H57) -> 2.565
B58: Recife | C58: =C22*$E$54/1000 -> 1.396158 | D58: =D22*$E$54/1000 -> 0 | F58: =F22*$E$54/1000 -> 0 | G58: =G22*$E$54/1000 -> 0.26316 | H58: =H22*$E$54/1000 -> 0.543924 | I58: =SUM(C58:H58) -> 2.203242
B59: Salvador | C59: =C23*$E$54/1000 -> 0.16512 | D59: =D23*$E$54/1000 -> 0.03942 | E59: =E23*$E$54/1000 -> 0.004338 | G59: =G23*$E$54/1000 -> 0 | H59: =H23*$E$54/1000 -> 0 | I59: =SUM(C59:H59) -> 0.208878
B60: Rio de Janeiro | C60: =C24*$E$54/1000 -> 0.387594 | D60: =D24*$E$54/1000 -> 1.05768 | E60: =E24*$E$54/1000 -> 1.043868 | F60: =F24*$E$54/1000 -> 0.304278 | H60: =H24*$E$54/1000 -> 0 | I60: =SUM(C60:H60) -> 2.79342
B61: São Paulo | C61: =C25*$E$54/1000 -> 1.59384 | D61: =D25*$E$54/1000 -> 2.08182 | E61: =E25*$E$54/1000 -> 2.550816 | F61: =F25*$E$54/1000 -> 0.72216 | G61: =G25*$E$54/1000 -> 0 | I61: =SUM(C61:H61) -> 6.948636
B62: Total Destino N2O (kg) | C62: =SUM(C56:C61) -> 4.650312 | D62: =SUM(D56:D61) -> 3.92442 | E62: =SUM(E56:E61) -> 4.25703 | F62: =SUM(F56:F61) -> 1.026438 | G62: =SUM(G56:G61) -> 1.875444 | H62: =SUM(H56:H61) -> 6.335124 | I62: =SUM(I56:I61) -> 22.068768
B65: GEE | C65: GWP (AR5)
B66: Dióxido de Carbono (CO2) | C66: ='Fatores Emissao'!O6 -> 1
B67: Metano (CH4) | C67: ='Fatores Emissao'!O7 -> 28
B68: Óxido Nitroso (N2O) | C68: ='Fatores Emissao'!O8 -> 265
B71: Emissão de CO2e (kg) | C71: Manaus | D71: Fortaleza | E71: Recife | F71: Salvador | G71: Rio de Janeiro | H71: São Paulo | I71: Total Origem CO2e (kg)
B72: Manaus | D72: =(D34)*$C$66+(D45)*$C$67+(D56)*$C$68 -> 18157.463 | E72: =(E34)*$C$66+(E45)*$C$67+(E56)*$C$68 -> 16026.501 | F72: =(F34)*$C$66+(F45)*$C$67+(F56)*$C$68 -> 0 | G72: =(G34)*$C$66+(G45)*$C$67+(G56)*$C$68 -> 34975.439 | H72: =(H34)*$C$66+(H45)*$C$67+(H56)*$C$68 -> 109847.9 | I72: =SUM(C72:H72) -> 179007.31
B73: Fortaleza | C73: =(C35)*$C$66+(C46)*$C$67+(C57)*$C$68 -> 26976.803 | E73: =(E35)*$C$66+(E46)*$C$67+(E57)*$C$68 -> 0 | F73: =(F35)*$C$66+(F46)*$C$67+(F57)*$C$68 -> 0 | G73: =(G35)*$C$66+(G46)*$C$67+(G57)*$C$68 -> 4293.4911 | H73: =(H35)*$C$66+(H46)*$C$67+(H57)*$C$68 -> 31203.071 | I73: =SUM(C73:H73) -> 62473.365
B74: Recife | C74: =(C36)*$C$66+(C47)*$C$67+(C58)*$C$68 -> 34004.947 | D74: =(D36)*$C$66+(D47)*$C$67+(D58)*$C$68 -> 0 | F74: =(F36)*$C$66+(F47)*$C$67+(F58)*$C$68 -> 0 | G74: =(G36)*$C$66+(G47)*$C$67+(G58)*$C$68 -> 6409.548 | H74: =(H36)*$C$66+(H47)*$C$67+(H58)*$C$68 -> 13247.861 | I74: =SUM(C74:H74) -> 53662.355
B75: Salvador | C75: =(C37)*$C$66+(C48)*$C$67+(C59)*$C$68 -> 4021.6772 | D75: =(D37)*$C$66+(D48)*$C$67+(D59)*$C$68 -> 960.11698 | E75: =(E37)*$C$66+(E48)*$C$67+(E59)*$C$68 -> 105.65671 | G75: =(G37)*$C$66+(G48)*$C$67+(G59)*$C$68 -> 0 | H75: =(H37)*$C$66+(H48)*$C$67+(H59)*$C$68 -> 0 | I75: =SUM(C75:H75) -> 5087.4509
B76: Rio de Janeiro | C76: =(C38)*$C$66+(C49)*$C$67+(C60)*$C$68 -> 9440.2735 | D76: =(D38)*$C$66+(D49)*$C$67+(D60)*$C$68 -> 25760.947 | E76: =(E38)*$C$66+(E49)*$C$67+(E60)*$C$68 -> 25424.541 | F76: =(F38)*$C$66+(F49)*$C$67+(F60)*$C$68 -> 7411.0217 | H76: =(H38)*$C$66+(H49)*$C$67+(H60)*$C$68 -> 0 | I76: =SUM(C76:H76) -> 68036.783
B77: São Paulo | C77: =(C39)*$C$66+(C50)*$C$67+(C61)*$C$68 -> 38819.707 | D77: =(D39)*$C$66+(D50)*$C$67+(D61)*$C$68 -> 50704.991 | E77: =(E39)*$C$66+(E50)*$C$67+(E61)*$C$68 -> 62127.898 | F77: =(F39)*$C$66+(F50)*$C$67+(F61)*$C$68 -> 17588.992 | G77: =(G39)*$C$66+(G50)*$C$67+(G61)*$C$68 -> 0 | I77: =SUM(C77:H77) -> 169241.59
B78: Total Destino CO2e (kg) | C78: =SUM(C72:C77) -> 113263.41 | D78: =SUM(D72:D77) -> 95583.518 | E78: =SUM(E72:E77) -> 103684.6 | F78: =SUM(F72:F77) -> 25000.014 | G78: =SUM(G72:G77) -> 45678.479 | H78: =SUM(H72:H77) -> 154298.84 | I78: =SUM(I72:I77) -> 537508.85
B81: Emissão de CO2e (%) | C81: Manaus | D81: Fortaleza | E81: Recife | F81: Salvador | G81: Rio de Janeiro | H81: São Paulo | I81: Total Origem CO2e (%)
B82: Manaus | D82: =D72/$I$78 -> 0.033780771 | E82: =E72/$I$78 -> 0.029816254 | F82: =F72/$I$78 -> 0 | G82: =G72/$I$78 -> 0.065069514 | H82: =H72/$I$78 -> 0.20436483 | I82: =SUM(C82:H82) -> 0.33303137
B83: Fortaleza | C83: =C73/$I$78 -> 0.050188574 | E83: =E73/$I$78 -> 0 | F83: =F73/$I$78 -> 0 | G83: =G73/$I$78 -> 0.007987759 | H83: =H73/$I$78 -> 0.05805127 | I83: =SUM(C83:H83) -> 0.1162276
B84: Recife | C84: =C74/$I$78 -> 0.063263976 | F84: =F74/$I$78 -> 0 | G84: =G74/$I$78 -> 0.011924544 | H84: =H74/$I$78 -> 0.024646777 | I84: =SUM(C84:H84) -> 0.099835297
B85: Salvador | C85: =C75/$I$78 -> 0.007482067 | D85: =D75/$I$78 -> 0.0017862347 | E85: =E75/$I$78 -> 0.00019656738 | G85: =G75/$I$78 -> 0 | H85: =H75/$I$78 -> 0 | I85: =SUM(C85:H85) -> 0.0094648691
B86: Rio de Janeiro | C86: =C76/$I$78 -> 0.01756301 | D86: =D76/$I$78 -> 0.047926554 | E86: =E76/$I$78 -> 0.047300692 | F86: =F76/$I$78 -> 0.01378772 | H86: =H76/$I$78 -> 0 | I86: =SUM(C86:H86) -> 0.12657798
B87: São Paulo | C87: =C77/$I$78 -> 0.072221521 | D87: =D77/$I$78 -> 0.094333313 | E87: =E77/$I$78 -> 0.11558488 | F87: =F77/$I$78 -> 0.032723168 | G87: =G77/$I$78 -> 0 | I87: =SUM(C87:H87) -> 0.31486289
B88: Total Destino CO2e (%) | C88: =SUM(C82:C87) -> 0.21071915 | D88: =SUM(D82:D87) -> 0.17782687 | E88: =SUM(E82:E87) -> 0.1928984 | F88: =SUM(F82:F87) -> 0.046510888 | G88: =SUM(G82:G87) -> 0.084981817 | H88: =SUM(H82:H87) -> 0.28706288 | I88: =SUM(I82:I87) -> 1
B91: Emissão de CO2e no Transporte Rodoviário de Cabotagem por Contêiner no Cenário Base (kg/contêiner)
B92: Cidade | C92: Manaus | D92: Fortaleza | E92: Recife | F92: Salvador | G92: Rio de Janeiro | H92: São Paulo
B93: Manaus | D93: =D72/D11 -> 103.75693 | E93: =E72/E11 -> 102.73398 | G93: =G72/G11 -> 154.75858 | H93: =H72/H11 -> 169.51837
B94: Fortaleza | C94: =C73/C12 -> 103.75693 | G94: =G73/G12 -> 214.67456 | H94: =H73/H12 -> 229.43435
B95: Recife | C95: =C74/C13 -> 102.73398 | G95: =G74/G13 -> 213.6516 | H95: =H74/H13 -> 228.41139
B96: Salvador | C96: =C75/C14 -> 46.763688 | D96: =D75/D14 -> 106.67966 | E96: =E75/E14 -> 105.65671
B97: Rio de Janeiro | C97: =C76/C15 -> 154.75858 | D97: =D76/D15 -> 214.67456 | E97: =E76/E15 -> 213.6516 | F97: =F76/F15 -> 157.68131
B98: São Paulo | C98: =C77/C16 -> 169.51837 | D98: =D77/D16 -> 229.43435 | E98: =E77/E16 -> 228.41139 | F98: =F77/F16 -> 172.4411

Sheet Rodo Cabotagem C1
B2: Distâncias (km) | C2: Manaus | D2: Fortaleza | E2: Recife | F2: Salvador | G2: Rio de Janeiro | H2: São Paulo
B3: Manaus | D3: ='Distancia Rodo'!D14 -> 142 | E3: ='Distancia Rodo'!E14 -> 140.6 | F3: ='Distancia Rodo'!F14 -> 64 | G3: ='Distancia Rodo'!G14 -> 211.8 | H3: ='Distancia Rodo'!H14 -> 232
B4: Fortaleza | C4: ='Distancia Rodo'!C15 -> 142 | E4: ='Distancia Rodo'!E15 -> 222.6 | F4: ='Distancia Rodo'!F15 -> 146 | G4: ='Distancia Rodo'!G15 -> 293.8 | H4: ='Distancia Rodo'!H15 -> 314
B5: Recife | C5: ='Distancia Rodo'!C16 -> 140.6 | D5: ='Distancia Rodo'!D16 -> 222.6 | F5: ='Distancia Rodo'!F16 -> 144.6 | G5: ='Distancia Rodo'!G16 -> 292.4 | H5: ='Distancia Rodo'!H16 -> 312.6
B6: Salvador | C6: ='Distancia Rodo'!C17 -> 64 | D6: ='Distancia Rodo'!D17 -> 146 | E6: ='Distancia Rodo'!E17 -> 144.6 | G6: ='Distancia Rodo'!G17 -> 215.8 | H6: ='Distancia Rodo'!H17 -> 236
B7: Rio de Janeiro | C7: ='Distancia Rodo'!C18 -> 211.8 | D7: ='Distancia Rodo'!D18 -> 293.8 | E7: ='Distancia Rodo'!E18 -> 292.4 | F7: ='Distancia Rodo'!F18 -> 215.8 | H7: ='Distancia Rodo'!H18 -> 383.8
B8: São Paulo | C8: ='Distancia Rodo'!C19 -> 232 | D8: ='Distancia Rodo'!D19 -> 314 | E8: ='Distancia Rodo'!E19 -> 312.6 | F8: ='Distancia Rodo'!F19 -> 236 | G8: ='Distancia Rodo'!G19 -> 383.8
B10: Transporte Semanal | C10: BRMAO | D10: BRPEC | E10: BRSUA | F10: BRSSA | G10: BRIGI | H10: BRSSZ | I10: Total Origem
B11: BRMAO | C11: ='Movimentacao de Conteineres'!K30 -> 0 | D11: ='Movimentacao de Conteineres'!L30 -> 175 | E11: ='Movimentacao de Conteineres'!M30 -> 156 | F11: ='Movimentacao de Conteineres'!N30 -> 0 | G11: ='Movimentacao de Conteineres'!O30 -> 226 | H11: ='Movimentacao de Conteineres'!P30 -> 648 | I11: =SUM(C11:H11) -> 1205
B12: BRPEC | C12: ='Movimentacao de Conteineres'!K31 -> 260 | D12: ='Movimentacao de Conteineres'!L31 -> 0 | E12: ='Movimentacao de Conteineres'!M31 -> 0 | F12: ='Movimentacao de Conteineres'!N31 -> 0 | G12: ='Movimentacao de Conteineres'!O31 -> 20 | H12: ='Movimentacao de Conteineres'!P31 -> 136 | I12: =SUM(C12:H12) -> 416
B13: BRSUA | C13: ='Movimentacao de Conteineres'!K32 -> 331 | D13: ='Movimentacao de Conteineres'!L32 -> 0 | E13: ='Movimentacao de Conteineres'!M32 -> 0 | F13: ='Movimentacao de Conteineres'!N32 -> 0 | G13: ='Movimentacao de Conteineres'!O32 -> 30 | H13: ='Movimentacao de Conteineres'!P32 -> 58 | I13: =SUM(C13:H13) -> 419
B14: BRSSA | C14: ='Movimentacao de Conteineres'!K33 -> 86 | D14: ='Movimentacao de Conteineres'!L33 -> 9 | E14: ='Movimentacao de Conteineres'!M33 -> 1 | F14: ='Movimentacao de Conteineres'!N33 -> 0 | G14: ='Movimentacao de Conteineres'!O33 -> 0 | H14: ='Movimentacao de Conteineres'!P33 -> 0 | I14: =SUM(C14:H14) -> 96
B15: BRIGI | C15: ='Movimentacao de Conteineres'!K34 -> 61 | D15: ='Movimentacao de Conteineres'!L34 -> 120 | E15: ='Movimentacao de Conteineres'!M34 -> 119 | F15: ='Movimentacao de Conteineres'!N34 -> 47 | G15: ='Movimentacao de Conteineres'!O34 -> 0 | H15: ='Movimentacao de Conteineres'!P34 -> 0 | I15: =SUM(C15:H15) -> 347
B16: BRSSZ | C16: ='Movimentacao de Conteineres'!K35 -> 229 | D16: ='Movimentacao de Conteineres'!L35 -> 221 | E16: ='Movimentacao de Conteineres'!M35 -> 272 | F16: ='Movimentacao de Conteineres'!N35 -> 102 | G16: ='Movimentacao de Conteineres'!O35 -> 0 | H16: ='Movimentacao de Conteineres'!P35 -> 0 | I16: =SUM(C16:H16) -> 824
B17: Total Destino | C17: =SUM(C11:C16) -> 967 | D17: =SUM(D11:D16) -> 525 | E17: =SUM(E11:E16) -> 548 | F17: =SUM(F11:F16) -> 149 | G17: =SUM(G11:G16) -> 276 | H17: =SUM(H11:H16) -> 842 | I17: =SUM(I11:I16) -> 3307
B19: km Rodoviário Cabotagem Semanal | C19: Manaus | D19: Fortaleza | E19: Recife | F19: Salvador | G19: Rio de Janeiro | H19: São Paulo | I19: Total Origem (km)
B20: Manaus | D20: =D3*D11 -> 24850 | E20: =E3*E11 -> 21933.6 | F20: =F3*F11 -> 0 | G20: =G3*G11 -> 47866.8 | H20: =H3*H11 -> 150336 | I20: =SUM(C20:H20) -> 244986.4
B21: Fortaleza | C21: =C4*C12 -> 36920 | E21: =E4*E12 -> 0 | F21: =F4*F12 -> 0 | G21: =G4*G12 -> 5876 | H21: =H4*H12 -> 42704 | I21: =SUM(C21:H21) -> 85500
B22: Recife | C22: =C5*C13 -> 46538.6 | D22: =D5*D13 -> 0 | F22: =F5*F13 -> 0 | G22: =G5*G13 -> 8772 | H22: =H5*H13 -> 18130.8 | I22: =SUM(C22:H22) -> 73441.4
B23: Salvador | C23: =C6*C14 -> 5504 | D23: =D6*D14 -> 1314 | E23: =E6*E14 -> 144.6 | G23: =G6*G14 -> 0 | H23: =H6*H14 -> 0 | I23: =SUM(C23:H23) -> 6962.6
B24: Rio de Janeiro | C24: =C7*C15 -> 12919.8 | D24: =D7*D15 -> 35256 | E24: =E7*E15 -> 34795.6 | F24: =F7*F15 -> 10142.6 | H24: =H7*H15 -> 0 | I24: =SUM(C24:H24) -> 93114
B25: São Paulo | C25: =C8*C16 -> 53128 | D25: =D8*D16 -> 69394 | E25: =E8*E16 -> 85027.2 | F25: =F8*F16 -> 24072 | G25: =G8*G16 -> 0 | I25: =SUM(C25:H25) -> 231621.2
B26: Total Destino (km) | C26: =SUM(C20:C25) -> 155010.4 | D26: =SUM(D20:D25) -> 130814 | E26: =SUM(E20:E25) -> 141901 | F26: =SUM(F20:F25) -> 34214.6 | G26: =SUM(G20:G25) -> 62514.8 | H26: =SUM(H20:H25) -> 211170.8 | I26: =SUM(I20:I25) -> 735625.6
B29: Cálculo das Emissões - GNV
B32: Fator de emissão de CO2 modal Rodoviário Cabotagem | E32: ='Fatores Emissao'!C72 -> 0.55 | F32: kg CO2/km
B33: Emissão de CO2 (kg) | C33: Manaus | D33: Fortaleza | E33: Recife | F33: Salvador | G33: Rio de Janeiro | H33: São Paulo | I33: Total Origem CO2 (kg)
B34: Manaus | D34: =D20*$E$32 -> 13667.5 | E34: =E20*$E$32 -> 12063.48 | F34: =F20*$E$32 -> 0 | G34: =G20*$E$32 -> 26326.74 | H34: =H20*$E$32 -> 82684.8 | I34: =SUM(C34:H34) -> 134742.52
B35: Fortaleza | C35: =C21*$E$32 -> 20306 | E35: =E21*$E$32 -> 0 | F35: =F21*$E$32 -> 0 | G35: =G21*$E$32 -> 3231.8 | H35: =H21*$E$32 -> 23487.2 | I35: =SUM(C35:H35) -> 47025
B36: Recife | C36: =C22*$E$32 -> 25596.23 | D36: =D22*$E$32 -> 0 | F36: =F22*$E$32 -> 0 | G36: =G22*$E$32 -> 4824.6 | H36: =H22*$E$32 -> 9971.94 | I36: =SUM(C36:H36) -> 40392.77
B37: Salvador | C37: =C23*$E$32 -> 3027.2 | D37: =D23*$E$32 -> 722.7 | E37: =E23*$E$32 -> 79.53 | G37: =G23*$E$32 -> 0 | H37: =H23*$E$32 -> 0 | I37: =SUM(C37:H37) -> 3829.43
B38: Rio de Janeiro | C38: =C24*$E$32 -> 7105.89 | D38: =D24*$E$32 -> 19390.8 | E38: =E24*$E$32 -> 19137.58 | F38: =F24*$E$32 -> 5578.43 | H38: =H24*$E$32 -> 0 | I38: =SUM(C38:H38) -> 51212.7
B39: São Paulo | C39: =C25*$E$32 -> 29220.4 | D39: =D25*$E$32 -> 38166.7 | E39: =E25*$E$32 -> 46764.96 | F39: =F25*$E$32 -> 13239.6 | G39: =G25*$E$32 -> 0 | I39: =SUM(C39:H39) -> 127391.66
B40: Total Destino CO2 (kg) | C40: =SUM(C34:C39) -> 85255.72 | D40: =SUM(D34:D39) -> 71947.7 | E40: =SUM(E34:E39) -> 78045.55 | F40: =SUM(F34:F39) -> 18818.03 | G40: =SUM(G34:G39) -> 34383.14 | H40: =SUM(H34:H39) -> 116143.94 | I40: =SUM(I34:I39) -> 404594.08
B43: Fator de emissão de CH4 modal Rodoviário Cabotagem | E43: ='Fatores Emissao'!D72 -> 3.7 | F43: g CH4/km
B44: Emissão de CH4 (kg) - Rodoviário Cabotagem | C44: Manaus | D44: Fortaleza | E44: Recife | F44: Salvador | G44: Rio de Janeiro | H44: São Paulo | I44: Total Origem CH4 (kg)
B45: Manaus | D45: =D20*$E$43/1000 -> 91.945 | E45: =E20*$E$43/1000 -> 81.15432 | F45: =F20*$E$43/1000 -> 0 | G45: =G20*$E$43/1000 -> 177.10716 | H45: =H20*$E$43/1000 -> 556.2432 | I45: =SUM(C45:H45) -> 906.44968
B46: Fortaleza | C46: =C21*$E$43/1000 -> 136.604 | E46: =E21*$E$43/1000 -> 0 | F46: =F21*$E$43/1000 -> 0 | G46: =G21*$E$43/1000 -> 21.7412 | H46: =H21*$E$43/1000 -> 158.0048 | I46: =SUM(C46:H46) -> 316.35
B47: Recife | C47: =C22*$E$43/1000 -> 172.19282 | D47: =D22*$E$43/1000 -> 0 | F47: =F22*$E$43/1000 -> 0 | G47: =G22*$E$43/1000 -> 32.4564 | H47: =H22*$E$43/1000 -> 67.08396 | I47: =SUM(C47:H47) -> 271.73318
B48: Salvador | C48: =C23*$E$43/1000 -> 20.3648 | D48: =D23*$E$43/1000 -> 4.8618 | E48: =E23*$E$43/1000 -> 0.53502 | G48: =G23*$E$43/1000 -> 0 | H48: =H23*$E$43/1000 -> 0 | I48: =SUM(C48:H48) -> 25.76162
B49: Rio de Janeiro | C49: =C24*$E$43/1000 -> 47.80326 | D49: =D24*$E$43/1000 -> 130.4472 | E49: =E24*$E$43/1000 -> 128.74372 | F49: =F24*$E$43/1000 -> 37.52762 | H49: =H24*$E$43/1000 -> 0 | I49: =SUM(C49:H49) -> 344.5218
B50: São Paulo | C50: =C25*$E$43/1000 -> 196.5736 | D50: =D25*$E$43/1000 -> 256.7578 | E50: =E25*$E$43/1000 -> 314.60064 | F50: =F25*$E$43/1000 -> 89.0664 | G50: =G25*$E$43/1000 -> 0 | I50: =SUM(C50:H50) -> 856.99844
B51: Total Destino CH4 (kg) | C51: =SUM(C45:C50) -> 573.53848 | D51: =SUM(D45:D50) -> 484.0118 | E51: =SUM(E45:E50) -> 525.0337 | F51: =SUM(F45:F50) -> 126.59402 | G51: =SUM(G45:G50) -> 231.30476 | H51: =SUM(H45:H50) -> 781.33196 | I51: =SUM(I45:I50) -> 2721.8147
B54: Fator de emissão de N2O modal Rodoviário Cabotagem | E54: ='Fatores Emissao'!E72 -> 0.001 | F54: g N2O/km
B55: Emissão de N2O (kg) - Rodoviário Cabotagem | C55: Manaus | D55: Fortaleza | E55: Recife | F55: Salvador | G55: Rio de Janeiro | H55: São Paulo | I55: Total Origem N2O (kg)
B56: Manaus | D56: =D20*$E$54/1000 -> 0.02485 | E56: =E20*$E$54/1000 -> 0.0219336 | F56: =F20*$E$54/1000 -> 0 | G56: =G20*$E$54/1000 -> 0.0478668 | H56: =H20*$E$54/1000 -> 0.150336 | I56: =SUM(C56:H56) -> 0.2449864
B57: Fortaleza | C57: =C21*$E$54/1000 -> 0.03692 | E57: =E21*$E$54/1000 -> 0 | F57: =F21*$E$54/1000 -> 0 | G57: =G21*$E$54/1000 -> 0.005876 | H57: =H21*$E$54/1000 -> 0.042704 | I57: =SUM(C57:H57) -> 0.0855
B58: Recife | C58: =C22*$E$54/1000 -> 0.0465386 | D58: =D22*$E$54/1000 -> 0 | F58: =F22*$E$54/1000 -> 0 | G58: =G22*$E$54/1000 -> 0.008772 | H58: =H22*$E$54/1000 -> 0.0181308 | I58: =SUM(C58:H58) -> 0.0734414
B59: Salvador | C59: =C23*$E$54/1000 -> 0.005504 | D59: =D23*$E$54/1000 -> 0.001314 | E59: =E23*$E$54/1000 -> 0.0001446 | G59: =G23*$E$54/1000 -> 0 | H59: =H23*$E$54/1000 -> 0 | I59: =SUM(C59:H59) -> 0.0069626
B60: Rio de Janeiro | C60: =C24*$E$54/1000 -> 0.0129198 | D60: =D24*$E$54/1000 -> 0.035256 | E60: =E24*$E$54/1000 -> 0.0347956 | F60: =F24*$E$54/1000 -> 0.0101426 | H60: =H24*$E$54/1000 -> 0 | I60: =SUM(C60:H60) -> 0.093114
B61: São Paulo | C61: =C25*$E$54/1000 -> 0.053128 | D61: =D25*$E$54/1000 -> 0.069394 | E61: =E25*$E$54/1000 -> 0.0850272 | F61: =F25*$E$54/1000 -> 0.024072 | G61: =G25*$E$54/1000 -> 0 | I61: =SUM(C61:H61) -> 0.2316212
B62: Total Destino N2O (kg) | C62: =SUM(C56:C61) -> 0.1550104 | D62: =SUM(D56:D61) -> 0.130814 | E62: =SUM(E56:E61) -> 0.141901 | F62: =SUM(F56:F61) -> 0.0342146 | G62: =SUM(G56:G61) -> 0.0625148 | H62: =SUM(H56:H61) -> 0.2111708 | I62: =SUM(I56:I61) -> 0.7356256
B65: GEE | C65: GWP (AR5)
B66: Dióxido de Carbono (CO2) | C66: ='Fatores Emissao'!O6 -> 1
B67: Metano (CH4) | C67: ='Fatores Emissao'!O7 -> 28
B68: Óxido Nitroso (N2O) | C68: ='Fatores Emissao'!O8 -> 265
B71: Emissão de CO2e (kg) | C71: Manaus | D71: Fortaleza | E71: Recife | F71: Salvador | G71: Rio de Janeiro | H71: São Paulo | I71: Total Origem CO2e (kg)
B72: Manaus | D72: =(D34)*$C$66+(D45)*$C$67+(D56)*$C$68 -> 16248.545 | E72: =(E34)*$C$66+(E45)*$C$67+(E56)*$C$68 -> 14341.613 | F72: =(F34)*$C$66+(F45)*$C$67+(F56)*$C$68 -> 0 | G72: =(G34)*$C$66+(G45)*$C$67+(G56)*$C$68 -> 31298.425 | H72: =(H34)*$C$66+(H45)*$C$67+(H56)*$C$68 -> 98299.449 | I72: =SUM(C72:H72) -> 160188.03
B73: Fortaleza | C73: =(C35)*$C$66+(C46)*$C$67+(C57)*$C$68 -> 24140.696 | E73: =(E35)*$C$66+(E46)*$C$67+(E57)*$C$68 -> 0 | F73: =(F35)*$C$66+(F46)*$C$67+(F57)*$C$68 -> 0 | G73: =(G35)*$C$66+(G46)*$C$67+(G57)*$C$68 -> 3842.1107 | H73: =(H35)*$C$66+(H46)*$C$67+(H57)*$C$68 -> 27922.651 | I73: =SUM(C73:H73) -> 55905.458
B74: Recife | C74: =(C36)*$C$66+(C47)*$C$67+(C58)*$C$68 -> 30429.962 | D74: =(D36)*$C$66+(D47)*$C$67+(D58)*$C$68 -> 0 | F74: =(F36)*$C$66+(F47)*$C$67+(F58)*$C$68 -> 0 | G74: =(G36)*$C$66+(G47)*$C$67+(G58)*$C$68 -> 5735.7038 | H74: =(H36)*$C$66+(H47)*$C$67+(H58)*$C$68 -> 11855.096 | I74: =SUM(C74:H74) -> 48020.761
B75: Salvador | C75: =(C37)*$C$66+(C48)*$C$67+(C59)*$C$68 -> 3598.873 | D75: =(D37)*$C$66+(D48)*$C$67+(D59)*$C$68 -> 859.17861 | E75: =(E37)*$C$66+(E48)*$C$67+(E59)*$C$68 -> 94.548879 | G75: =(G37)*$C$66+(G48)*$C$67+(G59)*$C$68 -> 0 | H75: =(H37)*$C$66+(H48)*$C$67+(H59)*$C$68 -> 0 | I75: =SUM(C75:H75) -> 4552.6004
B76: Rio de Janeiro | C76: =(C38)*$C$66+(C49)*$C$67+(C60)*$C$68 -> 8447.805 | D76: =(D38)*$C$66+(D49)*$C$67+(D60)*$C$68 -> 23052.664 | E76: =(E38)*$C$66+(E49)*$C$67+(E60)*$C$68 -> 22751.625 | F76: =(F38)*$C$66+(F49)*$C$67+(F60)*$C$68 -> 6631.8911 | H76: =(H38)*$C$66+(H49)*$C$67+(H60)*$C$68 -> 0 | I76: =SUM(C76:H76) -> 60883.986
B77: São Paulo | C77: =(C39)*$C$66+(C50)*$C$67+(C61)*$C$68 -> 34738.54 | D77: =(D39)*$C$66+(D50)*$C$67+(D61)*$C$68 -> 45374.308 | E77: =(E39)*$C$66+(E50)*$C$67+(E61)*$C$68 -> 55596.31 | F77: =(F39)*$C$66+(F50)*$C$67+(F61)*$C$68 -> 15739.838 | G77: =(G39)*$C$66+(G50)*$C$67+(G61)*$C$68 -> 0 | I77: =SUM(C77:H77) -> 151449
B78: Total Destino CO2e (kg) | C78: =SUM(C72:C77) -> 101355.88 | D78: =SUM(D72:D77) -> 85534.696 | E78: =SUM(E72:E77) -> 92784.097 | F78: =SUM(F72:F77) -> 22371.729 | G78: =SUM(G72:G77) -> 40876.24 | H78: =SUM(H72:H77) -> 138077.2 | I78: =SUM(I72:I77) -> 480999.83
B81: Emissão de CO2e (%) | C81: Manaus | D81: Fortaleza | E81: Recife | F81: Salvador | G81: Rio de Janeiro | H81: São Paulo | I81: Total Origem CO2e (%)
B82: Manaus | D82: =D72/$I$78 -> 0.033780771 | E82: =E72/$I$78 -> 0.029816254 | F82: =F72/$I$78 -> 0 | G82: =G72/$I$78 -> 0.065069514 | H82: =H72/$I$78 -> 0.20436483 | I82: =SUM(C82:H82) -> 0.33303137
B83: Fortaleza | C83: =C73/$I$78 -> 0.050188574 | E83: =E73/$I$78 -> 0 | F83: =F73/$I$78 -> 0 | G83: =G73/$I$78 -> 0.007987759 | H83: =H73/$I$78 -> 0.05805127 | I83: =SUM(C83:H83) -> 0.1162276
B84: Recife | C84: =C74/$I$78 -> 0.063263976 | F84: =F74/$I$78 -> 0 | G84: =G74/$I$78 -> 0.011924544 | H84: =H74/$I$78 -> 0.024646777 | I84: =SUM(C84:H84) -> 0.099835297
B85: Salvador | C85: =C75/$I$78 -> 0.007482067 | D85: =D75/$I$78 -> 0.0017862347 | E85: =E75/$I$78 -> 0.00019656738 | G85: =G75/$I$78 -> 0 | H85: =H75/$I$78 -> 0 | I85: =SUM(C85:H85) -> 0.0094648691
B86: Rio de Janeiro | C86: =C76/$I$78 -> 0.01756301 | D86: =D76/$I$78 -> 0.047926554 | E86: =E76/$I$78 -> 0.047300692 | F86: =F76/$I$78 -> 0.01378772 | H86: =H76/$I$78 -> 0 | I86: =SUM(C86:H86) -> 0.12657798
B87: São Paulo | C87: =C77/$I$78 -> 0.072221521 | D87: =D77/$I$78 -> 0.094333313 | E87: =E77/$I$78 -> 0.11558488 | F87: =F77/$I$78 -> 0.032723168 | G87: =G77/$I$78 -> 0 | I87: =SUM(C87:H87) -> 0.31486289
B88: Total Destino CO2e (%) | C88: =SUM(C82:C87) -> 0.21071915 | D88: =SUM(D82:D87) -> 0.17782687 | E88: =SUM(E82:E87) -> 0.1928984 | F88: =SUM(F82:F87) -> 0.046510888 | G88: =SUM(G82:G87) -> 0.084981817 | H88: =SUM(H82:H87) -> 0.28706288 | I88: =SUM(I82:I87) -> 1
B91: Emissão no Transporte Rodoviário de Cabotagem por Contêiner
B92: Emissão de CO2e (kg/contêiner) | C92: Manaus | D92: Fortaleza | E92: Recife | F92: Salvador | G92: Rio de Janeiro | H92: São Paulo
B93: Manaus | D93: =D72/D11 -> 92.84883 | E93: =E72/E11 -> 91.933419 | G93: =G72/G11 -> 138.48861 | H93: =H72/H11 -> 151.69668
B94: Fortaleza | C94: =C73/C12 -> 92.84883 | G94: =G73/G12 -> 192.10554 | H94: =H73/H12 -> 205.31361
B95: Recife | C95: =C74/C13 -> 91.933419 | G95: =G74/G13 -> 191.19013 | H95: =H74/H13 -> 204.3982
B96: Salvador | C96: =C75/C14 -> 41.84736 | D96: =D75/D14 -> 95.46429 | E96: =E75/E14 -> 94.548879
B97: Rio de Janeiro | C97: =C76/C15 -> 138.48861 | D97: =D76/D15 -> 192.10554 | E97: =E76/E15 -> 191.19013 | F97: =F76/F15 -> 141.10407
B98: São Paulo | C98: =C77/C16 -> 151.69668 | D98: =D77/D16 -> 205.31361 | E98: =E77/E16 -> 204.3982 | F98: =F77/F16 -> 154.31214

Sheet Rodo Cabotagem C2
B2: Distâncias (km) | C2: Manaus | D2: Fortaleza | E2: Recife | F2: Salvador | G2: Rio de Janeiro | H2: São Paulo
B3: Manaus | D3: ='Distancia Rodo'!D14 -> 142 | E3: ='Distancia Rodo'!E14 -> 140.6 | F3: ='Distancia Rodo'!F14 -> 64 | G3: ='Distancia Rodo'!G14 -> 211.8 | H3: ='Distancia Rodo'!H14 -> 232
B4: Fortaleza | C4: ='Distancia Rodo'!C15 -> 142 | E4: ='Distancia Rodo'!E15 -> 222.6 | F4: ='Distancia Rodo'!F15 -> 146 | G4: ='Distancia Rodo'!G15 -> 293.8 | H4: ='Distancia Rodo'!H15 -> 314
B5: Recife | C5: ='Distancia Rodo'!C16 -> 140.6 | D5: ='Distancia Rodo'!D16 -> 222.6 | F5: ='Distancia Rodo'!F16 -> 144.6 | G5: ='Distancia Rodo'!G16 -> 292.4 | H5: ='Distancia Rodo'!H16 -> 312.6
B6: Salvador | C6: ='Distancia Rodo'!C17 -> 64 | D6: ='Distancia Rodo'!D17 -> 146 | E6: ='Distancia Rodo'!E17 -> 144.6 | G6: ='Distancia Rodo'!G17 -> 215.8 | H6: ='Distancia Rodo'!H17 -> 236
B7: Rio de Janeiro | C7: ='Distancia Rodo'!C18 -> 211.8 | D7: ='Distancia Rodo'!D18 -> 293.8 | E7: ='Distancia Rodo'!E18 -> 292.4 | F7: ='Distancia Rodo'!F18 -> 215.8 | H7: ='Distancia Rodo'!H18 -> 383.8
B8: São Paulo | C8: ='Distancia Rodo'!C19 -> 232 | D8: ='Distancia Rodo'!D19 -> 314 | E8: ='Distancia Rodo'!E19 -> 312.6 | F8: ='Distancia Rodo'!F19 -> 236 | G8: ='Distancia Rodo'!G19 -> 383.8
B10: Transporte Semanal | C10: BRMAO | D10: BRPEC | E10: BRSUA | F10: BRSSA | G10: BRIGI | H10: BRSSZ | I10: Total Origem
B11: BRMAO | C11: ='Movimentacao de Conteineres'!K30 -> 0 | D11: ='Movimentacao de Conteineres'!L30 -> 175 | E11: ='Movimentacao de Conteineres'!M30 -> 156 | F11: ='Movimentacao de Conteineres'!N30 -> 0 | G11: ='Movimentacao de Conteineres'!O30 -> 226 | H11: ='Movimentacao de Conteineres'!P30 -> 648 | I11: =SUM(C11:H11) -> 1205
B12: BRPEC | C12: ='Movimentacao de Conteineres'!K31 -> 260 | D12: ='Movimentacao de Conteineres'!L31 -> 0 | E12: ='Movimentacao de Conteineres'!M31 -> 0 | F12: ='Movimentacao de Conteineres'!N31 -> 0 | G12: ='Movimentacao de Conteineres'!O31 -> 20 | H12: ='Movimentacao de Conteineres'!P31 -> 136 | I12: =SUM(C12:H12) -> 416
B13: BRSUA | C13: ='Movimentacao de Conteineres'!K32 -> 331 | D13: ='Movimentacao de Conteineres'!L32 -> 0 | E13: ='Movimentacao de Conteineres'!M32 -> 0 | F13: ='Movimentacao de Conteineres'!N32 -> 0 | G13: ='Movimentacao de Conteineres'!O32 -> 30 | H13: ='Movimentacao de Conteineres'!P32 -> 58 | I13: =SUM(C13:H13) -> 419
B14: BRSSA | C14: ='Movimentacao de Conteineres'!K33 -> 86 | D14: ='Movimentacao de Conteineres'!L33 -> 9 | E14: ='Movimentacao de Conteineres'!M33 -> 1 | F14: ='Movimentacao de Conteineres'!N33 -> 0 | G14: ='Movimentacao de Conteineres'!O33 -> 0 | H14: ='Movimentacao de Conteineres'!P33 -> 0 | I14: =SUM(C14:H14) -> 96
B15: BRIGI | C15: ='Movimentacao de Conteineres'!K34 -> 61 | D15: ='Movimentacao de Conteineres'!L34 -> 120 | E15: ='Movimentacao de Conteineres'!M34 -> 119 | F15: ='Movimentacao de Conteineres'!N34 -> 47 | G15: ='Movimentacao de Conteineres'!O34 -> 0 | H15: ='Movimentacao de Conteineres'!P34 -> 0 | I15: =SUM(C15:H15) -> 347
B16: BRSSZ | C16: ='Movimentacao de Conteineres'!K35 -> 229 | D16: ='Movimentacao de Conteineres'!L35 -> 221 | E16: ='Movimentacao de Conteineres'!M35 -> 272 | F16: ='Movimentacao de Conteineres'!N35 -> 102 | G16: ='Movimentacao de Conteineres'!O35 -> 0 | H16: ='Movimentacao de Conteineres'!P35 -> 0 | I16: =SUM(C16:H16) -> 824
B17: Total Destino | C17: =SUM(C11:C16) -> 967 | D17: =SUM(D11:D16) -> 525 | E17: =SUM(E11:E16) -> 548 | F17: =SUM(F11:F16) -> 149 | G17: =SUM(G11:G16) -> 276 | H17: =SUM(H11:H16) -> 842 | I17: =SUM(I11:I16) -> 3307
B19: km Rodoviário Cabotagem Semanal | C19: Manaus | D19: Fortaleza | E19: Recife | F19: Salvador | G19: Rio de Janeiro | H19: São Paulo | I19: Total Origem (km)
B20: Manaus | D20: =D3*D11 -> 24850 | E20: =E3*E11 -> 21933.6 | F20: =F3*F11 -> 0 | G20: =G3*G11 -> 47866.8 | H20: =H3*H11 -> 150336 | I20: =SUM(C20:H20) -> 244986.4
B21: Fortaleza | C21: =C4*C12 -> 36920 | E21: =E4*E12 -> 0 | F21: =F4*F12 -> 0 | G21: =G4*G12 -> 5876 | H21: =H4*H12 -> 42704 | I21: =SUM(C21:H21) -> 85500
B22: Recife | C22: =C5*C13 -> 46538.6 | D22: =D5*D13 -> 0 | F22: =F5*F13 -> 0 | G22: =G5*G13 -> 8772 | H22: =H5*H13 -> 18130.8 | I22: =SUM(C22:H22) -> 73441.4
B23: Salvador | C23: =C6*C14 -> 5504 | D23: =D6*D14 -> 1314 | E23: =E6*E14 -> 144.6 | G23: =G6*G14 -> 0 | H23: =H6*H14 -> 0 | I23: =SUM(C23:H23) -> 6962.6
B24: Rio de Janeiro | C24: =C7*C15 -> 12919.8 | D24: =D7*D15 -> 35256 | E24: =E7*E15 -> 34795.6 | F24: =F7*F15 -> 10142.6 | H24: =H7*H15 -> 0 | I24: =SUM(C24:H24) -> 93114
B25: São Paulo | C25: =C8*C16 -> 53128 | D25: =D8*D16 -> 69394 | E25: =E8*E16 -> 85027.2 | F25: =F8*F16 -> 24072 | G25: =G8*G16 -> 0 | I25: =SUM(C25:H25) -> 231621.2
B26: Total Destino (km) | C26: =SUM(C20:C25) -> 155010.4 | D26: =SUM(D20:D25) -> 130814 | E26: =SUM(E20:E25) -> 141901 | F26: =SUM(F20:F25) -> 34214.6 | G26: =SUM(G20:G25) -> 62514.8 | H26: =SUM(H20:H25) -> 211170.8 | I26: =SUM(I20:I25) -> 735625.6
B29: Cálculo das Emissões - Biodiesel
B32: Fator de emissão de CO2 modal Rodoviário Cabotagem | E32: ='Fatores Emissao'!C80 -> 0.69345196 | F32: kg CO2/km
B33: Emissão de CO2 (kg) | C33: Manaus | D33: Fortaleza | E33: Recife | F33: Salvador | G33: Rio de Janeiro | H33: São Paulo | I33: Total Origem CO2 (kg)
B34: Manaus | D34: =D20*$E$32 -> 17232.281 | E34: =E20*$E$32 -> 15209.898 | F34: =F20*$E$32 -> 0 | G34: =G20*$E$32 -> 33193.326 | H34: =H20*$E$32 -> 104250.79 | I34: =SUM(C34:H34) -> 169886.3
B35: Fortaleza | C35: =C21*$E$32 -> 25602.247 | E35: =E21*$E$32 -> 0 | F35: =F21*$E$32 -> 0 | G35: =G21*$E$32 -> 4074.7237 | H35: =H21*$E$32 -> 29613.173 | I35: =SUM(C35:H35) -> 59290.143
B36: Recife | C36: =C22*$E$32 -> 32272.284 | D36: =D22*$E$32 -> 0 | F36: =F22*$E$32 -> 0 | G36: =G22*$E$32 -> 6082.9606 | H36: =H22*$E$32 -> 12572.839 | I36: =SUM(C36:H36) -> 50928.083
B37: Salvador | C37: =C23*$E$32 -> 3816.7596 | D37: =D23*$E$32 -> 911.19588 | E37: =E23*$E$32 -> 100.27315 | G37: =G23*$E$32 -> 0 | H37: =H23*$E$32 -> 0 | I37: =SUM(C37:H37) -> 4828.2286
B38: Rio de Janeiro | C38: =C24*$E$32 -> 8959.2607 | D38: =D24*$E$32 -> 24448.342 | E38: =E24*$E$32 -> 24129.077 | F38: =F24*$E$32 -> 7033.4059 | H38: =H24*$E$32 -> 0 | I38: =SUM(C38:H38) -> 64570.086
B39: São Paulo | C39: =C25*$E$32 -> 36841.716 | D39: =D25*$E$32 -> 48121.406 | E39: =E25*$E$32 -> 58962.279 | F39: =F25*$E$32 -> 16692.776 | G39: =G25*$E$32 -> 0 | I39: =SUM(C39:H39) -> 160618.18
B40: Total Destino CO2 (kg) | C40: =SUM(C34:C39) -> 107492.27 | D40: =SUM(D34:D39) -> 90713.225 | E40: =SUM(E34:E39) -> 98401.527 | F40: =SUM(F34:F39) -> 23726.182 | G40: =SUM(G34:G39) -> 43351.011 | H40: =SUM(H34:H39) -> 146436.81 | I40: =SUM(I34:I39) -> 510121.02
B43: Fator de emissão de CH4 modal Rodoviário Cabotagem | E43: ='Fatores Emissao'!D80 -> 0.0055923546 | F43: g CH4/km
B44: Emissão de CH4 (kg) - Rodoviário Cabotagem | C44: Manaus | D44: Fortaleza | E44: Recife | F44: Salvador | G44: Rio de Janeiro | H44: São Paulo | I44: Total Origem CH4 (kg)
B45: Manaus | D45: =D20*$E$43/1000 -> 0.13897001 | E45: =E20*$E$43/1000 -> 0.12266047 | F45: =F20*$E$43/1000 -> 0 | G45: =G20*$E$43/1000 -> 0.26768812 | H45: =H20*$E$43/1000 -> 0.84073223 | I45: =SUM(C45:H45) -> 1.3700508
B46: Fortaleza | C46: =C21*$E$43/1000 -> 0.20646973 | E46: =E21*$E$43/1000 -> 0 | F46: =F21*$E$43/1000 -> 0 | G46: =G21*$E$43/1000 -> 0.032860676 | H46: =H21*$E$43/1000 -> 0.23881591 | I46: =SUM(C46:H46) -> 0.47814632
B47: Recife | C47: =C22*$E$43/1000 -> 0.26026036 | D47: =D22*$E$43/1000 -> 0 | F47: =F22*$E$43/1000 -> 0 | G47: =G22*$E$43/1000 -> 0.049056135 | H47: =H22*$E$43/1000 -> 0.10139386 | I47: =SUM(C47:H47) -> 0.41071035
B48: Salvador | C48: =C23*$E$43/1000 -> 0.03078032 | D48: =D23*$E$43/1000 -> 0.007348354 | E48: =E23*$E$43/1000 -> 0.00080865448 | G48: =G23*$E$43/1000 -> 0 | H48: =H23*$E$43/1000 -> 0 | I48: =SUM(C48:H48) -> 0.038937328
B49: Rio de Janeiro | C49: =C24*$E$43/1000 -> 0.072252103 | D49: =D24*$E$43/1000 -> 0.19716405 | E49: =E24*$E$43/1000 -> 0.19458933 | F49: =F24*$E$43/1000 -> 0.056721016 | H49: =H24*$E$43/1000 -> 0 | I49: =SUM(C49:H49) -> 0.52072651
B50: São Paulo | C50: =C25*$E$43/1000 -> 0.29711062 | D50: =D25*$E$43/1000 -> 0.38807586 | E50: =E25*$E$43/1000 -> 0.47550226 | F50: =F25*$E$43/1000 -> 0.13461916 | G50: =G25*$E$43/1000 -> 0 | I50: =SUM(C50:H50) -> 1.2953079
B51: Total Destino CH4 (kg) | C51: =SUM(C45:C50) -> 0.86687313 | D51: =SUM(D45:D50) -> 0.73155828 | E51: =SUM(E45:E50) -> 0.79356071 | F51: =SUM(F45:F50) -> 0.19134018 | G51: =SUM(G45:G50) -> 0.34960493 | H51: =SUM(H45:H50) -> 1.180942 | I51: =SUM(I45:I50) -> 4.1138792
B54: Fator de emissão de N2O modal Rodoviário Cabotagem | E54: ='Fatores Emissao'!E80 -> 0.026719028 | F54: g N2O/km
B55: Emissão de N2O (kg) - Rodoviário Cabotagem | C55: Manaus | D55: Fortaleza | E55: Recife | F55: Salvador | G55: Rio de Janeiro | H55: São Paulo | I55: Total Origem N2O (kg)
B56: Manaus | D56: =D20*$E$54/1000 -> 0.66396784 | E56: =E20*$E$54/1000 -> 0.58604447 | F56: =F20*$E$54/1000 -> 0 | G56: =G20*$E$54/1000 -> 1.2789544 | H56: =H20*$E$54/1000 -> 4.0168317 | I56: =SUM(C56:H56) -> 6.5457984
B57: Fortaleza | C57: =C21*$E$54/1000 -> 0.9864665 | E57: =E21*$E$54/1000 -> 0 | F57: =F21*$E$54/1000 -> 0 | G57: =G21*$E$54/1000 -> 0.15700101 | H57: =H21*$E$54/1000 -> 1.1410094 | I57: =SUM(C57:H57) -> 2.2844769
B58: Recife | C58: =C22*$E$54/1000 -> 1.2434661 | D58: =D22*$E$54/1000 -> 0 | F58: =F22*$E$54/1000 -> 0 | G58: =G22*$E$54/1000 -> 0.23437931 | H58: =H22*$E$54/1000 -> 0.48443735 | I58: =SUM(C58:H58) -> 1.9622828
B59: Salvador | C59: =C23*$E$54/1000 -> 0.14706153 | D59: =D23*$E$54/1000 -> 0.035108802 | E59: =E23*$E$54/1000 -> 0.0038635714 | G59: =G23*$E$54/1000 -> 0 | H59: =H23*$E$54/1000 -> 0 | I59: =SUM(C59:H59) -> 0.1860339
B60: Rio de Janeiro | C60: =C24*$E$54/1000 -> 0.34520449 | D60: =D24*$E$54/1000 -> 0.94200604 | E60: =E24*$E$54/1000 -> 0.9297046 | F60: =F24*$E$54/1000 -> 0.27100041 | H60: =H24*$E$54/1000 -> 0 | I60: =SUM(C60:H60) -> 2.4879155
B61: São Paulo | C61: =C25*$E$54/1000 -> 1.4195285 | D61: =D25*$E$54/1000 -> 1.8541402 | E61: =E25*$E$54/1000 -> 2.2718441 | F61: =F25*$E$54/1000 -> 0.64318043 | G61: =G25*$E$54/1000 -> 0 | I61: =SUM(C61:H61) -> 6.1886933
B62: Total Destino N2O (kg) | C62: =SUM(C56:C61) -> 4.1417272 | D62: =SUM(D56:D61) -> 3.4952229 | E62: =SUM(E56:E61) -> 3.7914567 | F62: =SUM(F56:F61) -> 0.91418084 | G62: =SUM(G56:G61) -> 1.6703347 | H62: =SUM(H56:H61) -> 5.6422784 | I62: =SUM(I56:I61) -> 19.655201
B65: GEE | C65: GWP (AR5)
B66: Dióxido de Carbono (CO2) | C66: ='Fatores Emissao'!O6 -> 1
B67: Metano (CH4) | C67: ='Fatores Emissao'!O7 -> 28
B68: Óxido Nitroso (N2O) | C68: ='Fatores Emissao'!O8 -> 265
B71: Emissão de CO2e (kg) | C71: Manaus | D71: Fortaleza | E71: Recife | F71: Salvador | G71: Rio de Janeiro | H71: São Paulo | I71: Total Origem CO2e (kg)
B72: Manaus | D72: =(D34)*$C$66+(D45)*$C$67+(D56)*$C$68 -> 17412.124 | E72: =(E34)*$C$66+(E45)*$C$67+(E56)*$C$68 -> 15368.634 | F72: =(F34)*$C$66+(F45)*$C$67+(F56)*$C$68 -> 0 | G72: =(G34)*$C$66+(G45)*$C$67+(G56)*$C$68 -> 33539.745 | H72: =(H34)*$C$66+(H45)*$C$67+(H56)*$C$68 -> 105338.8 | I72: =SUM(C72:H72) -> 171659.3
B73: Fortaleza | C73: =(C35)*$C$66+(C46)*$C$67+(C57)*$C$68 -> 25869.441 | E73: =(E35)*$C$66+(E46)*$C$67+(E57)*$C$68 -> 0 | F73: =(F35)*$C$66+(F46)*$C$67+(F57)*$C$68 -> 0 | G73: =(G35)*$C$66+(G46)*$C$67+(G57)*$C$68 -> 4117.2491 | H73: =(H35)*$C$66+(H46)*$C$67+(H57)*$C$68 -> 29922.227 | I73: =SUM(C73:H73) -> 59908.917
B74: Recife | C74: =(C36)*$C$66+(C47)*$C$67+(C58)*$C$68 -> 32609.089 | D74: =(D36)*$C$66+(D47)*$C$67+(D58)*$C$68 -> 0 | F74: =(F36)*$C$66+(F47)*$C$67+(F58)*$C$68 -> 0 | G74: =(G36)*$C$66+(G47)*$C$67+(G58)*$C$68 -> 6146.4447 | H74: =(H36)*$C$66+(H47)*$C$67+(H58)*$C$68 -> 12704.054 | I74: =SUM(C74:H74) -> 51459.588
B75: Salvador | C75: =(C37)*$C$66+(C48)*$C$67+(C59)*$C$68 -> 3856.5928 | D75: =(D37)*$C$66+(D48)*$C$67+(D59)*$C$68 -> 920.70547 | E75: =(E37)*$C$66+(E48)*$C$67+(E59)*$C$68 -> 101.31964 | G75: =(G37)*$C$66+(G48)*$C$67+(G59)*$C$68 -> 0 | H75: =(H37)*$C$66+(H48)*$C$67+(H59)*$C$68 -> 0 | I75: =SUM(C75:H75) -> 4878.6179
B76: Rio de Janeiro | C76: =(C38)*$C$66+(C49)*$C$67+(C60)*$C$68 -> 9052.7629 | D76: =(D38)*$C$66+(D49)*$C$67+(D60)*$C$68 -> 24703.495 | E76: =(E38)*$C$66+(E49)*$C$67+(E60)*$C$68 -> 24380.897 | F76: =(F38)*$C$66+(F49)*$C$67+(F60)*$C$68 -> 7106.8092 | H76: =(H38)*$C$66+(H49)*$C$67+(H60)*$C$68 -> 0 | I76: =SUM(C76:H76) -> 65243.964
B77: São Paulo | C77: =(C39)*$C$66+(C50)*$C$67+(C61)*$C$68 -> 37226.21 | D77: =(D39)*$C$66+(D50)*$C$67+(D61)*$C$68 -> 48623.619 | E77: =(E39)*$C$66+(E50)*$C$67+(E61)*$C$68 -> 59577.632 | F77: =(F39)*$C$66+(F50)*$C$67+(F61)*$C$68 -> 16866.988 | G77: =(G39)*$C$66+(G50)*$C$67+(G61)*$C$68 -> 0 | I77: =SUM(C77:H77) -> 162294.45
B78: Total Destino CO2e (kg) | C78: =SUM(C72:C77) -> 108614.1 | D78: =SUM(D72:D77) -> 91659.943 | E78: =SUM(E72:E77) -> 99428.483 | F78: =SUM(F72:F77) -> 23973.797 | G78: =SUM(G72:G77) -> 43803.438 | H78: =SUM(H72:H77) -> 147965.08 | I78: =SUM(I72:I77) -> 515444.83
B81: Emissão de CO2e (%) | C81: Manaus | D81: Fortaleza | E81: Recife | F81: Salvador | G81: Rio de Janeiro | H81: São Paulo | I81: Total Origem CO2e (%)
B82: Manaus | D82: =D72/$I$78 -> 0.033780771 | E82: =E72/$I$78 -> 0.029816254 | F82: =F72/$I$78 -> 0 | G82: =G72/$I$78 -> 0.065069514 | H82: =H72/$I$78 -> 0.20436483 | I82: =SUM(C82:H82) -> 0.33303137
B83: Fortaleza | C83: =C73/$I$78 -> 0.050188574 | E83: =E73/$I$78 -> 0 | F83: =F73/$I$78 -> 0 | G83: =G73/$I$78 -> 0.007987759 | H83: =H73/$I$78 -> 0.05805127 | I83: =SUM(C83:H83) -> 0.1162276
B84: Recife | C84: =C74/$I$78 -> 0.063263976 | F84: =F74/$I$78 -> 0 | G84: =G74/$I$78 -> 0.011924544 | H84: =H74/$I$78 -> 0.024646777 | I84: =SUM(C84:H84) -> 0.099835297
B85: Salvador | C85: =C75/$I$78 -> 0.007482067 | D85: =D75/$I$78 -> 0.0017862347 | E85: =E75/$I$78 -> 0.00019656738 | G85: =G75/$I$78 -> 0 | H85: =H75/$I$78 -> 0 | I85: =SUM(C85:H85) -> 0.0094648691
B86: Rio de Janeiro | C86: =C76/$I$78 -> 0.01756301 | D86: =D76/$I$78 -> 0.047926554 | E86: =E76/$I$78 -> 0.047300692 | F86: =F76/$I$78 -> 0.01378772 | H86: =H76/$I$78 -> 0 | I86: =SUM(C86:H86) -> 0.12657798
B87: São Paulo | C87: =C77/$I$78 -> 0.072221521 | D87: =D77/$I$78 -> 0.094333313 | E87: =E77/$I$78 -> 0.11558488 | F87: =F77/$I$78 -> 0.032723168 | G87: =G77/$I$78 -> 0 | I87: =SUM(C87:H87) -> 0.31486289
B88: Total Destino CO2e (%) | C88: =SUM(C82:C87) -> 0.21071915 | D88: =SUM(D82:D87) -> 0.17782687 | E88: =SUM(E82:E87) -> 0.1928984 | F88: =SUM(F82:F87) -> 0.046510888 | G88: =SUM(G82:G87) -> 0.084981817 | H88: =SUM(H82:H87) -> 0.28706288 | I88: =SUM(I82:I87) -> 1
B91: Emissão no Transporte Rodoviário de Cabotagem por Contêiner
B92: Emissão de CO2e (kg/contêiner) | C92: Manaus | D92: Fortaleza | E92: Recife | F92: Salvador | G92: Rio de Janeiro | H92: São Paulo
B93: Manaus | D93: =D72/D11 -> 99.497851 | E93: =E72/E11 -> 98.516886 | G93: =G72/G11 -> 148.40595 | H93: =H72/H11 -> 162.55987
B94: Fortaleza | C94: =C73/C12 -> 99.497851 | G94: =G73/G12 -> 205.86246 | H94: =H73/H12 -> 220.01638
B95: Recife | C95: =C74/C13 -> 98.516886 | G95: =G74/G13 -> 204.88149 | H95: =H74/H13 -> 219.03541
B96: Salvador | C96: =C75/C14 -> 44.844102 | D96: =D75/D14 -> 102.30061 | E96: =E75/E14 -> 101.31964
B97: Rio de Janeiro | C97: =C76/C15 -> 148.40595 | D97: =D76/D15 -> 205.86246 | E97: =E76/E15 -> 204.88149 | F97: =F76/F15 -> 151.20871
B98: São Paulo | C98: =C77/C16 -> 162.55987 | D98: =D77/D16 -> 220.01638 | E98: =E77/E16 -> 219.03541 | F98: =F77/F16 -> 165.36263

Sheet Depot Base C1
C3: Dados Operacionais
C4: Combustível | D4: Diesel S10
C5: Consumo padrão | D5: 15 | E5: l/h
C6: Produtividade | D6: 14 | E6: contêiner/h
C7: Consumo | D7: =D5/D6 -> 1.0714286 | E7: l/contêiner
C8: Movimentos | D8: 2 | E8: mov/contêiner
C10: Estimativa do fatores de emissão
C11: CO2 | D11: ='Fatores Emissao'!C17 -> 2.6971979 | E11: kg/l
C12: CH4 | D12: ='Fatores Emissao'!D17 -> 0.15057814 | E12: g/l
C13: N2O | D13: ='Fatores Emissao'!E17 -> 0.068684766 | E13: g/l
C15: Estimativa do fatores de emissão por contêiner
C16: CO2 | D16: =D11*D7 -> 2.8898549 | E16: kg/contêiner
C17: CH4 | D17: =D12*$D$7 -> 0.16133372 | E17: g/contêiner
C18: N2O | D18: =D13*$D$7 -> 0.073590821 | E18: g/contêiner
B21: Transporte Semanal | C21: BRMAO | D21: BRPEC | E21: BRSUA | F21: BRSSA | G21: BRIGI | H21: BRSSZ | I21: Total Origem
B22: BRMAO | C22: ='Movimentacao de Conteineres'!K30 -> 0 | D22: ='Movimentacao de Conteineres'!L30 -> 175 | E22: ='Movimentacao de Conteineres'!M30 -> 156 | F22: ='Movimentacao de Conteineres'!N30 -> 0 | G22: ='Movimentacao de Conteineres'!O30 -> 226 | H22: ='Movimentacao de Conteineres'!P30 -> 648 | I22: =SUM(C22:H22) -> 1205
B23: BRPEC | C23: ='Movimentacao de Conteineres'!K31 -> 260 | D23: ='Movimentacao de Conteineres'!L31 -> 0 | E23: ='Movimentacao de Conteineres'!M31 -> 0 | F23: ='Movimentacao de Conteineres'!N31 -> 0 | G23: ='Movimentacao de Conteineres'!O31 -> 20 | H23: ='Movimentacao de Conteineres'!P31 -> 136 | I23: =SUM(C23:H23) -> 416
B24: BRSUA | C24: ='Movimentacao de Conteineres'!K32 -> 331 | D24: ='Movimentacao de Conteineres'!L32 -> 0 | E24: ='Movimentacao de Conteineres'!M32 -> 0 | F24: ='Movimentacao de Conteineres'!N32 -> 0 | G24: ='Movimentacao de Conteineres'!O32 -> 30 | H24: ='Movimentacao de Conteineres'!P32 -> 58 | I24: =SUM(C24:H24) -> 419
B25: BRSSA | C25: ='Movimentacao de Conteineres'!K33 -> 86 | D25: ='Movimentacao de Conteineres'!L33 -> 9 | E25: ='Movimentacao de Conteineres'!M33 -> 1 | F25: ='Movimentacao de Conteineres'!N33 -> 0 | G25: ='Movimentacao de Conteineres'!O33 -> 0 | H25: ='Movimentacao de Conteineres'!P33 -> 0 | I25: =SUM(C25:H25) -> 96
B26: BRIGI | C26: ='Movimentacao de Conteineres'!K34 -> 61 | D26: ='Movimentacao de Conteineres'!L34 -> 120 | E26: ='Movimentacao de Conteineres'!M34 -> 119 | F26: ='Movimentacao de Conteineres'!N34 -> 47 | G26: ='Movimentacao de Conteineres'!O34 -> 0 | H26: ='Movimentacao de Conteineres'!P34 -> 0 | I26: =SUM(C26:H26) -> 347
B27: BRSSZ | C27: ='Movimentacao de Conteineres'!K35 -> 229 | D27: ='Movimentacao de Conteineres'!L35 -> 221 | E27: ='Movimentacao de Conteineres'!M35 -> 272 | F27: ='Movimentacao de Conteineres'!N35 -> 102 | G27: ='Movimentacao de Conteineres'!O35 -> 0 | H27: ='Movimentacao de Conteineres'!P35 -> 0 | I27: =SUM(C27:H27) -> 824
B28: Total Destino | C28: =SUM(C22:C27) -> 967 | D28: =SUM(D22:D27) -> 525 | E28: =SUM(E22:E27) -> 548 | F28: =SUM(F22:F27) -> 149 | G28: =SUM(G22:G27) -> 276 | H28: =SUM(H22:H27) -> 842 | I28: =SUM(I22:I27) -> 3307
B30: Movimentação Depot | C30: Manaus | D30: Fortaleza | E30: Recife | F30: Salvador | G30: Rio de Janeiro | H30: São Paulo | I30: Total Origem
B31: Manaus | C31: =C22*$D$8 -> 0 | D31: =D22*$D$8 -> 350 | E31: =E22*$D$8 -> 312 | F31: =F22*$D$8 -> 0 | G31: =G22*$D$8 -> 452 | H31: =H22*$D$8 -> 1296 | I31: =SUM(C31:H31) -> 2410
B32: Fortaleza | C32: =C23*$D$8 -> 520 | D32: =D23*$D$8 -> 0 | E32: =E23*$D$8 -> 0 | F32: =F23*$D$8 -> 0 | G32: =G23*$D$8 -> 40 | H32: =H23*$D$8 -> 272 | I32: =SUM(C32:H32) -> 832
B33: Recife | C33: =C24*$D$8 -> 662 | D33: =D24*$D$8 -> 0 | E33: =E24*$D$8 -> 0 | F33: =F24*$D$8 -> 0 | G33: =G24*$D$8 -> 60 | H33: =H24*$D$8 -> 116 | I33: =SUM(C33:H33) -> 838
B34: Salvador | C34: =C25*$D$8 -> 172 | D34: =D25*$D$8 -> 18 | E34: =E25*$D$8 -> 2 | F34: =F25*$D$8 -> 0 | G34: =G25*$D$8 -> 0 | H34: =H25*$D$8 -> 0 | I34: =SUM(C34:H34) -> 192
B35: Rio de Janeiro | C35: =C26*$D$8 -> 122 | D35: =D26*$D$8 -> 240 | E35: =E26*$D$8 -> 238 | F35: =F26*$D$8 -> 94 | G35: =G26*$D$8 -> 0 | H35: =H26*$D$8 -> 0 | I35: =SUM(C35:H35) -> 694
B36: São Paulo | C36: =C27*$D$8 -> 458 | D36: =D27*$D$8 -> 442 | E36: =E27*$D$8 -> 544 | F36: =F27*$D$8 -> 204 | G36: =G27*$D$8 -> 0 | H36: =H27*$D$8 -> 0 | I36: =SUM(C36:H36) -> 1648
B37: Total Destino | C37: =SUM(C31:C36) -> 1934 | D37: =SUM(D31:D36) -> 1050 | E37: =SUM(E31:E36) -> 1096 | F37: =SUM(F31:F36) -> 298 | G37: =SUM(G31:G36) -> 552 | H37: =SUM(H31:H36) -> 1684 | I37: =SUM(I31:I36) -> 6614
B40: Cálculo das Emissões - Diesel
B42: Fator de emissão de CO2 Depot | E42: =D16 -> 2.8898549 | F42: kg CO2
B43: Emissão de CO2 (kg) | C43: Manaus | D43: Fortaleza | E43: Recife | F43: Salvador | G43: Rio de Janeiro | H43: São Paulo | I43: Total Origem CO2 (kg)
B44: Manaus | D44: =D31*$E$42 -> 1011.4492 | E44: =E31*$E$42 -> 901.63474 | F44: =F31*$E$42 -> 0 | G44: =G31*$E$42 -> 1306.2144 | H44: =H31*$E$42 -> 3745.252 | I44: =SUM(C44:H44) -> 6964.5504
B45: Fortaleza | C45: =C32*$E$42 -> 1502.7246 | E45: =E32*$E$42 -> 0 | F45: =F32*$E$42 -> 0 | G45: =G32*$E$42 -> 115.5942 | H45: =H32*$E$42 -> 786.04054 | I45: =SUM(C45:H45) -> 2404.3593
B46: Recife | C46: =C33*$E$42 -> 1913.084 | D46: =D33*$E$42 -> 0 | F46: =F33*$E$42 -> 0 | G46: =G33*$E$42 -> 173.3913 | H46: =H33*$E$42 -> 335.22317 | I46: =SUM(C46:H46) -> 2421.6984
B47: Salvador | C47: =C34*$E$42 -> 497.05505 | D47: =D34*$E$42 -> 52.017389 | E47: =E34*$E$42 -> 5.7797098 | G47: =G34*$E$42 -> 0 | H47: =H34*$E$42 -> 0 | I47: =SUM(C47:H47) -> 554.85214
B48: Rio de Janeiro | C48: =C35*$E$42 -> 352.5623 | D48: =D35*$E$42 -> 693.56518 | E48: =E35*$E$42 -> 687.78547 | F48: =F35*$E$42 -> 271.64636 | H48: =H35*$E$42 -> 0 | I48: =SUM(C48:H48) -> 2005.5593
B49: São Paulo | C49: =C36*$E$42 -> 1323.5536 | D49: =D36*$E$42 -> 1277.3159 | E49: =E36*$E$42 -> 1572.0811 | F49: =F36*$E$42 -> 589.5304 | G49: =G36*$E$42 -> 0 | I49: =SUM(C49:H49) -> 4762.4809
B50: Total Destino CO2 (kg) | C50: =SUM(C44:C49) -> 5588.9794 | D50: =SUM(D44:D49) -> 3034.3477 | E50: =SUM(E44:E49) -> 3167.281 | F50: =SUM(F44:F49) -> 861.17677 | G50: =SUM(G44:G49) -> 1595.1999 | H50: =SUM(H44:H49) -> 4866.5157 | I50: =SUM(I44:I49) -> 19113.5
B53: Fator de emissão de CH4 Depot | E53: =D17 -> 0.16133372 | F53: kg CH4
B54: Emissão de CH4 (kg) | C54: Manaus | D54: Fortaleza | E54: Recife | F54: Salvador | G54: Rio de Janeiro | H54: São Paulo | I54: Total Origem CH4 (kg)
B55: Manaus | D55: =D31*$E$53/1000 -> 0.056466803 | E55: =E31*$E$53/1000 -> 0.050336121 | F55: =F31*$E$53/1000 -> 0 | G55: =G31*$E$53/1000 -> 0.072922842 | H55: =H31*$E$53/1000 -> 0.2090885 | I55: =SUM(C55:H55) -> 0.38881427
B56: Fortaleza | C56: =C32*$E$53/1000 -> 0.083893536 | E56: =E32*$E$53/1000 -> 0 | F56: =F32*$E$53/1000 -> 0 | G56: =G32*$E$53/1000 -> 0.0064533489 | H56: =H32*$E$53/1000 -> 0.043882772 | I56: =SUM(C56:H56) -> 0.13422966
B57: Recife | C57: =C33*$E$53/1000 -> 0.10680292 | D57: =D33*$E$53/1000 -> 0 | F57: =F33*$E$53/1000 -> 0 | G57: =G33*$E$53/1000 -> 0.0096800233 | H57: =H33*$E$53/1000 -> 0.018714712 | I57: =SUM(C57:H57) -> 0.13519766
B58: Salvador | C58: =C34*$E$53/1000 -> 0.0277494 | D58: =D34*$E$53/1000 -> 0.002904007 | E58: =E34*$E$53/1000 -> 0.00032266744 | G58: =G34*$E$53/1000 -> 0 | H58: =H34*$E$53/1000 -> 0 | I58: =SUM(C58:H58) -> 0.030976075
B59: Rio de Janeiro | C59: =C35*$E$53/1000 -> 0.019682714 | D59: =D35*$E$53/1000 -> 0.038720093 | E59: =E35*$E$53/1000 -> 0.038397426 | F59: =F35*$E$53/1000 -> 0.01516537 | H59: =H35*$E$53/1000 -> 0 | I59: =SUM(C59:H59) -> 0.1119656
B60: São Paulo | C60: =C36*$E$53/1000 -> 0.073890845 | D60: =D36*$E$53/1000 -> 0.071309505 | E60: =E36*$E$53/1000 -> 0.087765545 | F60: =F36*$E$53/1000 -> 0.032912079 | G60: =G36*$E$53/1000 -> 0 | I60: =SUM(C60:H60) -> 0.26587797
B61: Total Destino CH4 (kg) | C61: =SUM(C55:C60) -> 0.31201942 | D61: =SUM(D55:D60) -> 0.16940041 | E61: =SUM(E55:E60) -> 0.17682176 | F61: =SUM(F55:F60) -> 0.048077449 | G61: =SUM(G55:G60) -> 0.089056215 | H61: =SUM(H55:H60) -> 0.27168599 | I61: =SUM(I55:I60) -> 1.0670612
B64: Fator de emissão de N2O Depot | E64: =D18 -> 0.073590821 | F64: kg N2O
B65: Emissão de N2O (kg) | C65: Manaus | D65: Fortaleza | E65: Recife | F65: Salvador | G65: Rio de Janeiro | H65: São Paulo | I65: Total Origem N2O (kg)
B66: Manaus | D66: =D31*$E$64/1000 -> 0.025756787 | E66: =E31*$E$64/1000 -> 0.022960336 | F66: =F31*$E$64/1000 -> 0 | G66: =G31*$E$64/1000 -> 0.033263051 | H66: =H31*$E$64/1000 -> 0.095373704 | I66: =SUM(C66:H66) -> 0.17735388
B67: Fortaleza | C67: =C32*$E$64/1000 -> 0.038267227 | E67: =E32*$E$64/1000 -> 0 | F67: =F32*$E$64/1000 -> 0 | G67: =G32*$E$64/1000 -> 0.0029436328 | H67: =H32*$E$64/1000 -> 0.020016703 | I67: =SUM(C67:H67) -> 0.061227563
B68: Recife | C68: =C33*$E$64/1000 -> 0.048717123 | D68: =D33*$E$64/1000 -> 0 | F68: =F33*$E$64/1000 -> 0 | G68: =G33*$E$64/1000 -> 0.0044154492 | H68: =H33*$E$64/1000 -> 0.0085365352 | I68: =SUM(C68:H68) -> 0.061669108
B69: Salvador | C69: =C34*$E$64/1000 -> 0.012657621 | D69: =D34*$E$64/1000 -> 0.0013246348 | E69: =E34*$E$64/1000 -> 0.00014718164 | G69: =G34*$E$64/1000 -> 0 | H69: =H34*$E$64/1000 -> 0 | I69: =SUM(C69:H69) -> 0.014129438
B70: Rio de Janeiro | C70: =C35*$E$64/1000 -> 0.0089780801 | D70: =D35*$E$64/1000 -> 0.017661797 | E70: =E35*$E$64/1000 -> 0.017514615 | F70: =F35*$E$64/1000 -> 0.0069175371 | H70: =H35*$E$64/1000 -> 0 | I70: =SUM(C70:H70) -> 0.05107203
B71: São Paulo | C71: =C36*$E$64/1000 -> 0.033704596 | D71: =D36*$E$64/1000 -> 0.032527143 | E71: =E36*$E$64/1000 -> 0.040033406 | F71: =F36*$E$64/1000 -> 0.015012527 | G71: =G36*$E$64/1000 -> 0 | I71: =SUM(C71:H71) -> 0.12127767
B72: Total Destino N2O (kg) | C72: =SUM(C66:C71) -> 0.14232465 | D72: =SUM(D66:D71) -> 0.077270362 | E72: =SUM(E66:E71) -> 0.080655539 | F72: =SUM(F66:F71) -> 0.021930065 | G72: =SUM(G66:G71) -> 0.040622133 | H72: =SUM(H66:H71) -> 0.12392694 | I72: =SUM(I66:I71) -> 0.48672969
B75: GEE | C75: GWP (AR5)
B76: Dióxido de Carbono (CO2) | C76: ='Fatores Emissao'!O6 -> 1
B77: Metano (CH4) | C77: ='Fatores Emissao'!O7 -> 28
B78: Óxido Nitroso (N2O) | C78: ='Fatores Emissao'!O8 -> 265
B81: Emissão de CO2e (kg) - Depot | C81: Manaus | D81: Fortaleza | E81: Recife | F81: Salvador | G81: Rio de Janeiro | H81: São Paulo | I81: Total Origem CO2e (kg)
B82: Manaus | D82: =(D44)*$C$76+(D55)*$C$77+(D66)*$C$78 -> 1019.8558 | E82: =(E44)*$C$76+(E55)*$C$77+(E66)*$C$78 -> 909.12864 | F82: =(F44)*$C$76+(F55)*$C$77+(F66)*$C$78 -> 0 | G82: =(G44)*$C$76+(G55)*$C$77+(G66)*$C$78 -> 1317.071 | H82: =(H44)*$C$76+(H55)*$C$77+(H66)*$C$78 -> 3776.3805 | I82: =SUM(C82:H82) -> 7022.4359
B83: Fortaleza | C83: =(C45)*$C$76+(C56)*$C$77+(C67)*$C$78 -> 1515.2144 | E83: =(E45)*$C$76+(E56)*$C$77+(E67)*$C$78 -> 0 | F83: =(F45)*$C$76+(F56)*$C$77+(F67)*$C$78 -> 0 | G83: =(G45)*$C$76+(G56)*$C$77+(G67)*$C$78 -> 116.55495 | H83: =(H45)*$C$76+(H56)*$C$77+(H67)*$C$78 -> 792.57368 | I83: =SUM(C83:H83) -> 2424.343
B84: Recife | C84: =(C46)*$C$76+(C57)*$C$77+(C68)*$C$78 -> 1928.9845 | D84: =(D46)*$C$76+(D57)*$C$77+(D68)*$C$78 -> 0 | F84: =(F46)*$C$76+(F57)*$C$77+(F68)*$C$78 -> 0 | G84: =(G46)*$C$76+(G57)*$C$77+(G68)*$C$78 -> 174.83243 | H84: =(H46)*$C$76+(H57)*$C$77+(H68)*$C$78 -> 338.00936 | I84: =SUM(C84:H84) -> 2441.8263
B85: Salvador | C85: =(C47)*$C$76+(C58)*$C$77+(C69)*$C$78 -> 501.1863 | D85: =(D47)*$C$76+(D58)*$C$77+(D69)*$C$78 -> 52.449729 | E85: =(E47)*$C$76+(E58)*$C$77+(E69)*$C$78 -> 5.8277477 | G85: =(G47)*$C$76+(G58)*$C$77+(G69)*$C$78 -> 0 | H85: =(H47)*$C$76+(H58)*$C$77+(H69)*$C$78 -> 0 | I85: =SUM(C85:H85) -> 559.46378
B86: Rio de Janeiro | C86: =(C48)*$C$76+(C59)*$C$77+(C70)*$C$78 -> 355.49261 | D86: =(D48)*$C$76+(D59)*$C$77+(D70)*$C$78 -> 699.32972 | E86: =(E48)*$C$76+(E59)*$C$77+(E70)*$C$78 -> 693.50197 | F86: =(F48)*$C$76+(F59)*$C$77+(F70)*$C$78 -> 273.90414 | H86: =(H48)*$C$76+(H59)*$C$77+(H70)*$C$78 -> 0 | I86: =SUM(C86:H86) -> 2022.2284
B87: São Paulo | C87: =(C49)*$C$76+(C60)*$C$77+(C71)*$C$78 -> 1334.5542 | D87: =(D49)*$C$76+(D60)*$C$77+(D71)*$C$78 -> 1287.9322 | E87: =(E49)*$C$76+(E60)*$C$77+(E71)*$C$78 -> 1585.1474 | F87: =(F49)*$C$76+(F60)*$C$77+(F71)*$C$78 -> 594.43026 | G87: =(G49)*$C$76+(G60)*$C$77+(G71)*$C$78 -> 0 | I87: =SUM(C87:H87) -> 4802.0641
B88: Total Destino CO2e (kg) | C88: =SUM(C82:C87) -> 5635.432 | D88: =SUM(D82:D87) -> 3059.5675 | E88: =SUM(E82:E87) -> 3193.6057 | F88: =SUM(F82:F87) -> 868.3344 | G88: =SUM(G82:G87) -> 1608.4584 | H88: =SUM(H82:H87) -> 4906.9635 | I88: =SUM(I82:I87) -> 19272.362
B91: Emissão de CO2e (%) - Depot | C91: Manaus | D91: Fortaleza | E91: Recife | F91: Salvador | G91: Rio de Janeiro | H91: São Paulo | I91: Total Origem CO2e (%)
B92: Manaus | D92: =D82/$I$88 -> 0.052918053 | E92: =E82/$I$88 -> 0.047172664 | F92: =F82/$I$88 -> 0 | G92: =G82/$I$88 -> 0.068339885 | H92: =H82/$I$88 -> 0.19594799 | I92: =SUM(C92:H92) -> 0.36437859
